review_id,row,date,country,score,kind,first,liked,disliked,text
r0000,513816,2015-11-29,United Kingdom,5.4,mixed,negative,Location was great 2 min walk from High street Kensington Large hotel with a nice bar,The room was poor Mould growing on the mirror heating did not work room extremely small for a double telephone did not work and tv did not work Also room doors doesn t automatically shut needed to check before leaving,The room was poor Mould growing on the mirror heating did not work room extremely small for a double telephone did not work and tv did not work Also room doors doesn t automatically shut needed to check before leaving. Location was great 2 min walk from High street Kensington Large hotel with a nice bar.
r0001,102102,2015-08-11,United Kingdom,9.2,mixed,negative,location and comfort,drinks coffee and meals expensive even by London standards,drinks coffee and meals expensive even by London standards. location and comfort.
r0002,418635,2015-10-12,Netherlands,6.7,mixed,negative,Location and ultimate room placement,Do NOT under any circumstances accept a room on the subterranean floor the views are non existent or sub standard and there is constant noisy movement of staff along corridors Eventually moved to a higher floor which was much better,Do NOT under any circumstances accept a room on the subterranean floor the views are non existent or sub standard and there is constant noisy movement of staff along corridors Eventually moved to a higher floor which was much better. Location and ultimate room placement.
r0003,170401,2015-10-18,France,10.0,mixed,negative,The staff could not have been any more obliging and helpful The location was excellent and great places to eat nearby the hotel s recommendation of a local authentic French restaurant was spot on and we had a fabulous meal out The room was huge for Paris and really well appointed Even though it was on a main road it was quiet even with the door to the balcony open,My only gripe was that the hotel had a function on our last night which involved extremely loud music until midnight we may as well have been there ourselves it was so loud Not good when trying to get to sleep the night before a 30 hour flight home But when I complained the next morning we were compensated by way of a 4pm check out for free The hotel s response was outstanding,My only gripe was that the hotel had a function on our last night which involved extremely loud music until midnight we may as well have been there ourselves it was so loud Not good when trying to get to sleep the night before a 30 hour flight home But when I complained the next morning we were compensated by way of a 4pm check out for free The hotel s response was outstanding. The staff could not have been any more obliging and helpful The location was excellent and great places to eat nearby the hotel s recommendation of a local authentic French restaurant was spot on and we had a fabulous meal out The room was huge for Paris and really well appointed Even though it was on a main road it was quiet even with the door to the balcony open.
r0004,138275,2015-11-08,United Kingdom,7.1,mixed,negative,Staff members were friendly and attentive Close to Paddington station,Super thin walls There was a couple upstairs who were in a violent fight for about 3 hours and i heard the whole thing,Super thin walls There was a couple upstairs who were in a violent fight for about 3 hours and i heard the whole thing. Staff members were friendly and attentive Close to Paddington station.
r0005,368158,2015-08-29,Spain,7.1,mixed,negative,The staff were very friendly and helpful,The room that we had was for disabled people and its bathroom was very uncomfortable,The room that we had was for disabled people and its bathroom was very uncomfortable. The staff were very friendly and helpful.
r0006,239100,2015-10-09,United Kingdom,10.0,mixed,positive,Onsite parking Friendly staff,everything i requried was catered for,Onsite parking Friendly staff. everything i requried was catered for.
r0007,251789,2015-09-21,United Kingdom,8.8,mixed,negative,Front desk and bar man was very friendly always eager to help with anything,Rooms are small although comfortable and have nice amenities,Rooms are small although comfortable and have nice amenities. Front desk and bar man was very friendly always eager to help with anything.
r0008,221089,2015-08-24,France,10.0,mixed,positive,The croissant in the morning was the best I ve ever eaten Being on the 7th floor it was a huge surprise to have a roof deck with a city view Tres bon,I wished that the water was a little hotter to actually cook the egg or that I knew how to properly operate it I should have asked but I was pressed for time,The croissant in the morning was the best I ve ever eaten Being on the 7th floor it was a huge surprise to have a roof deck with a city view Tres bon. I wished that the water was a little hotter to actually cook the egg or that I knew how to properly operate it I should have asked but I was pressed for time.
r0009,484020,2015-08-21,Italy,6.7,mixed,negative,breakfast itself was outstanding Staff at breakfast were indifferent,the room size was just a bit small however they did everything they could to make the rooms comfortable despite the smallish size,the room size was just a bit small however they did everything they could to make the rooms comfortable despite the smallish size. breakfast itself was outstanding Staff at breakfast were indifferent.
r0010,442195,2015-11-30,United Kingdom,7.5,mixed,positive,Location good rooms clean and well serviced Staff helpful when asked about changing rooms,Decor in bedrooms a bit tired and dated shower pressure poor,Location good rooms clean and well serviced Staff helpful when asked about changing rooms. Decor in bedrooms a bit tired and dated shower pressure poor.
r0011,72987,2015-08-17,United Kingdom,6.7,mixed,negative,Convenient check in and check out times,Accommodation over two sites Interior lacked warmth and character,Accommodation over two sites Interior lacked warmth and character. Convenient check in and check out times.
r0012,184975,2015-10-08,United Kingdom,8.3,mixed,negative,The room was very quiet despite being in central London,The location probably wasn t quite suitable,The location probably wasn t quite suitable. The room was very quiet despite being in central London.
r0013,335436,2015-08-24,Austria,9.2,mixed,positive,Nice and attentive staff The airco functioned well,The airco was aimed at my head when sleeping This was annoying so we turned it off while sleeping Since it was 38C outside this wasn t ideal Also the wifi speed was capped Netflix was barely possible,Nice and attentive staff The airco functioned well. The airco was aimed at my head when sleeping This was annoying so we turned it off while sleeping Since it was 38C outside this wasn t ideal Also the wifi speed was capped Netflix was barely possible.
r0014,65750,2015-10-25,United Kingdom,3.3,mixed,positive,It s close to Excel,The bedroom was disgusting and dirty and smelt stale like a working mans club The breakfast was very poor too It is in serious need of a shake up it s very tired,It s close to Excel. The bedroom was disgusting and dirty and smelt stale like a working mans club The breakfast was very poor too It is in serious need of a shake up it s very tired.
r0015,473531,2015-10-13,Italy,10.0,mixed,positive,Location was great Staff were so helpful and enthusiastic,Having to leave,Location was great Staff were so helpful and enthusiastic. Having to leave.
r0016,221492,2015-09-01,France,9.6,mixed,positive,Great location Nice decor Friendly staff,More english tv channels would be a nice addition,Great location Nice decor Friendly staff. More english tv channels would be a nice addition.
r0017,431255,2015-12-15,Netherlands,8.8,mixed,negative,The location of the hotel is awesome In a quiet and nice place just behind the beginning of the town center quartier The staff is also very nice and the hotel have this kinda modern design which I enjoyed a lot,I was planning to go to the Roemer Hotel but I ve been in the De Hallen because of a technical problem in my room,I was planning to go to the Roemer Hotel but I ve been in the De Hallen because of a technical problem in my room. The location of the hotel is awesome In a quiet and nice place just behind the beginning of the town center quartier The staff is also very nice and the hotel have this kinda modern design which I enjoyed a lot.
r0018,498494,2015-12-11,Netherlands,7.9,mixed,negative,Location in the center and close to resterants,The bathroom is not that clean and the drain af water flood in the sink,The bathroom is not that clean and the drain af water flood in the sink. Location in the center and close to resterants.
r0019,315810,2015-10-20,Netherlands,5.4,mixed,negative,The room was clean with good facilities,The room was the smallest I ve ever stayed in It cost me around 364 for a 2 night stay excluding breakfast which I felt was over priced Staff were reasonably helpful but did nit go out of their way Would I come back Probably not,The room was the smallest I ve ever stayed in It cost me around 364 for a 2 night stay excluding breakfast which I felt was over priced Staff were reasonably helpful but did nit go out of their way Would I come back Probably not. The room was clean with good facilities.
r0020,165881,2015-08-18,United Kingdom,6.3,mixed,positive,Location is fantastic just round the corner from Covent Garden and opposite The Savoy,I had a baked bean that came out of my pot of coffee which put me off There was also bean juice on the spout of my milk jug and I did not have any beans with my breakfast The food was good but the cleanliness at breakfast in our experience was poor,Location is fantastic just round the corner from Covent Garden and opposite The Savoy. I had a baked bean that came out of my pot of coffee which put me off There was also bean juice on the spout of my milk jug and I did not have any beans with my breakfast The food was good but the cleanliness at breakfast in our experience was poor.
r0021,120725,2015-11-29,United Kingdom,6.7,mixed,negative,Staff are amazing and willing to help at a moments notice,The rooms are very dated,The rooms are very dated. Staff are amazing and willing to help at a moments notice.
r0022,252277,2015-11-18,United Kingdom,9.6,mixed,negative,Very friendly helpful staff Clean modern hotel in a great location,Double room booked however it consisted of two single beds pushed together,Double room booked however it consisted of two single beds pushed together. Very friendly helpful staff Clean modern hotel in a great location.
r0023,360434,2015-09-26,Spain,9.2,mixed,negative,Spacious room with friendly staff,Las Ramblas location is good for some but not everyone,Las Ramblas location is good for some but not everyone. Spacious room with friendly staff.
r0024,41071,2015-08-04,United Kingdom,5.4,mixed,negative,Wifi was good and location was okay,After staying here in april i thought i would re book as i thouroughly enjoyed it However Due to workers on the roof outside my room I was unable to sleep or open my blinds Had I been warned about this I would of asked to change rooms,After staying here in april i thought i would re book as i thouroughly enjoyed it However Due to workers on the roof outside my room I was unable to sleep or open my blinds Had I been warned about this I would of asked to change rooms. Wifi was good and location was okay.
r0025,493499,2015-08-06,Italy,8.8,mixed,negative,Front desk staff was extremely helpful and helped to plan our touring of Milan Even made reservations for dinner for us,Bathroom had tub that would not drain leaking door,Bathroom had tub that would not drain leaking door. Front desk staff was extremely helpful and helped to plan our touring of Milan Even made reservations for dinner for us.
r0026,125700,2015-08-23,United Kingdom,9.2,mixed,positive,The breakfast was amazing The room spacious and comfortable Views were spectacular from the terrace and nice friendly vibe Ferry was very handy,At a few points during friday eve the bar was left with only one person to serve which resulted in a long wait to be served However the bar staff were more than apologetic,The breakfast was amazing The room spacious and comfortable Views were spectacular from the terrace and nice friendly vibe Ferry was very handy. At a few points during friday eve the bar was left with only one person to serve which resulted in a long wait to be served However the bar staff were more than apologetic.
r0027,383140,2015-11-23,Netherlands,6.7,mixed,positive,The hotel is very modern just a short walk across the road from Sloterdjik Station and you re there,The receptionist seemed slow not efficiently paced to check us in Felt like I should have gone behind the counter and helped We were the only ones checking in,The hotel is very modern just a short walk across the road from Sloterdjik Station and you re there. The receptionist seemed slow not efficiently paced to check us in Felt like I should have gone behind the counter and helped We were the only ones checking in.
r0028,222656,2015-11-13,United Kingdom,7.5,mixed,negative,Staff were really nice,That when i checked out later in the afternoon the comunications was not shared and was disturbed on two occasions by room service,That when i checked out later in the afternoon the comunications was not shared and was disturbed on two occasions by room service. Staff were really nice.
r0029,147389,2015-08-06,France,5.8,mixed,negative,The location of the hotel was great and we liked the size of the junior suite for our family 2 adults and a toddler,the hotel layout is odd if staying at the suites feels disjointed Hard to access if you can t climb stairs Similarly no porter to help with luggage the day we left Staff are ok but don t go out of their way,the hotel layout is odd if staying at the suites feels disjointed Hard to access if you can t climb stairs Similarly no porter to help with luggage the day we left Staff are ok but don t go out of their way. The location of the hotel was great and we liked the size of the junior suite for our family 2 adults and a toddler.
r0030,169919,2015-10-05,United Kingdom,7.9,mixed,positive,Nice fit and finish helpful friendly staff fairly handing for Paddington and onto tube network,Aircon and TV remote didn t work wifi hit and miss and loooooong climb to top floor Room very small too,Nice fit and finish helpful friendly staff fairly handing for Paddington and onto tube network. Aircon and TV remote didn t work wifi hit and miss and loooooong climb to top floor Room very small too.
r0031,225089,2015-10-27,France,7.9,mixed,positive,Lovely room with great views over the Seine Comfy mattress and modern decor,Very expensive breakfast The walk from the Bin Hakim metro to the hotel was filthy There was a rubbish bag and a dead rat on the pavement that was not cleared throughout our stay This may say more about Paris itself rather than the hotel however,Lovely room with great views over the Seine Comfy mattress and modern decor. Very expensive breakfast The walk from the Bin Hakim metro to the hotel was filthy There was a rubbish bag and a dead rat on the pavement that was not cleared throughout our stay This may say more about Paris itself rather than the hotel however.
r0032,446885,2015-12-21,Austria,7.5,mixed,negative,The location is perfect it is very easy to get to the major attractions on foot Just a couple of minutes from the University of Vienna which was my destination for this trip,I booked a superior single room but I got a room with two separate beds which puzzled me a bit And there were no slippers in my room although they were mentioned in the room details Also I think the price for the breakfast is unreasonably high but the service and staff in the breakfast area were very helpful and efficient so I have nothing to complain about in that respect,I booked a superior single room but I got a room with two separate beds which puzzled me a bit And there were no slippers in my room although they were mentioned in the room details Also I think the price for the breakfast is unreasonably high but the service and staff in the breakfast area were very helpful and efficient so I have nothing to complain about in that respect. The location is perfect it is very easy to get to the major attractions on foot Just a couple of minutes from the University of Vienna which was my destination for this trip.
r0033,302138,2015-08-30,United Kingdom,7.5,mixed,negative,Convenient for mainline railway stations Clean and comfortable Helpful staff,Room was rather small,Room was rather small. Convenient for mainline railway stations Clean and comfortable Helpful staff.
r0034,242760,2015-08-08,United Kingdom,3.8,mixed,positive,Location Close to Underground station,Very small room not suitable for 3 persons Window opened in dangerous way There were scaffolds at the window The room was not clean and had bad smell Not worth the money we paid,Location Close to Underground station. Very small room not suitable for 3 persons Window opened in dangerous way There were scaffolds at the window The room was not clean and had bad smell Not worth the money we paid.
r0035,4480,2015-08-13,United Kingdom,8.8,mixed,negative,The location of the hotel is the best Almost all the staff are efficient I visited the restaurant once and the dinner was very good in quality,At one room service 2 Aug the service was a little slow probably because it was Sunday and I had no preserves,At one room service 2 Aug the service was a little slow probably because it was Sunday and I had no preserves. The location of the hotel is the best Almost all the staff are efficient I visited the restaurant once and the dinner was very good in quality.
r0036,140088,2015-12-08,United Kingdom,7.9,mixed,positive,10 minutes walking to the best locations Big Ben Westminster two metro stations London Eye Even MI6 building,We booked a king size bed and we got a queen sized one Slight difference but we didn t receive a refund,10 minutes walking to the best locations Big Ben Westminster two metro stations London Eye Even MI6 building. We booked a king size bed and we got a queen sized one Slight difference but we didn t receive a refund.
r0037,349525,2015-11-08,Spain,8.8,mixed,negative,Super perfect location Shopping el corte ingles one minute walk Very nice mountains view ask for street view,A yard nearby for weekend parties loud a little bit Busy slow elevator,A yard nearby for weekend parties loud a little bit Busy slow elevator. Super perfect location Shopping el corte ingles one minute walk Very nice mountains view ask for street view.
r0038,373613,2015-11-04,Spain,8.8,mixed,positive,I ve stayed here many times before and it s always excellent I use this hotel when I have an early flight from Barcelona,I had to check out early for my flight and didn t have time for the excellent breakfast Next time,I ve stayed here many times before and it s always excellent I use this hotel when I have an early flight from Barcelona. I had to check out early for my flight and didn t have time for the excellent breakfast Next time.
r0039,59735,2015-08-11,United Kingdom,10.0,mixed,positive,Excellent room and service lovely spa,iPads to control room froze however they quickly fixed it,Excellent room and service lovely spa. iPads to control room froze however they quickly fixed it.
r0040,227298,2015-11-15,United Kingdom,9.6,mixed,negative,Location very good clean and comfortable hotel Staff very friendly dinner and breakfast very good Nice bar and plenty of parking A all round great place to stay,It was very minor humming from electric unit above door Manger very helpful and gave me extra lights It could not be helped I am sure he action the very next day Will be back,It was very minor humming from electric unit above door Manger very helpful and gave me extra lights It could not be helped I am sure he action the very next day Will be back. Location very good clean and comfortable hotel Staff very friendly dinner and breakfast very good Nice bar and plenty of parking A all round great place to stay.
r0041,454710,2015-11-17,United Kingdom,6.7,mixed,positive,front desk staff were very welcoming,paid a lot of money and breakfast was not included it was an extra 20 for full English and 12 for normal breakfast some mix up with the booking i guess,front desk staff were very welcoming. paid a lot of money and breakfast was not included it was an extra 20 for full English and 12 for normal breakfast some mix up with the booking i guess.
r0042,466951,2015-12-20,Austria,8.3,mixed,negative,Friendliness of the staff,Accessing the parking facility is not straightforward one needs to park outside check in then Park in the garage,Accessing the parking facility is not straightforward one needs to park outside check in then Park in the garage. Friendliness of the staff.
r0043,91294,2015-12-31,United Kingdom,4.6,mixed,positive,Professionalism of reception staff,Bedrooms need revamped Room failed to meet expectations Service and availability of food at breakfast fell well short of the minimum requirements Value for money very poor,Professionalism of reception staff. Bedrooms need revamped Room failed to meet expectations Service and availability of food at breakfast fell well short of the minimum requirements Value for money very poor.
r0044,284511,2015-08-04,United Kingdom,8.3,mixed,negative,Location value for money facilities would defo stay again,Slight noise at night but given location its was to be expected,Slight noise at night but given location its was to be expected. Location value for money facilities would defo stay again.
r0045,37962,2015-10-26,France,8.3,mixed,negative,My friend and I loved the location Walking distance to so many things The hotel is nestled between other apartment buildings on a major tree lined street But our room though facing said street was very quiet Clean rooms Nice decor and actually good size,The minute you walk in you see a dreadful counter and an even worse lobby area I thought they were having a sale on chairs A sea of chairs Very odd The young lady at the desk was very nice Never really saw anyone else But the rooms get cleaned daily,The minute you walk in you see a dreadful counter and an even worse lobby area I thought they were having a sale on chairs A sea of chairs Very odd The young lady at the desk was very nice Never really saw anyone else But the rooms get cleaned daily. My friend and I loved the location Walking distance to so many things The hotel is nestled between other apartment buildings on a major tree lined street But our room though facing said street was very quiet Clean rooms Nice decor and actually good size.
r0046,253295,2015-10-25,United Kingdom,5.8,mixed,positive,Stylish and edgy Beautifully finished,Rude staff no place to sit in lounge as reserved for visiting parties Residents made to feel an inconvenience Breakfast in a bag Yogurt banana and juice,Stylish and edgy Beautifully finished. Rude staff no place to sit in lounge as reserved for visiting parties Residents made to feel an inconvenience Breakfast in a bag Yogurt banana and juice.
r0047,396969,2015-09-18,Spain,8.8,mixed,negative,The staff were really good,We could not get connected rooms even though we were traveling with young kids To be honost I do not remember it was due to availability or they do not have at all,We could not get connected rooms even though we were traveling with young kids To be honost I do not remember it was due to availability or they do not have at all. The staff were really good.
r0048,484576,2015-09-25,Italy,7.9,mixed,positive,Great Breakfast friendly staff,unable to get a late check out,Great Breakfast friendly staff. unable to get a late check out.
r0049,311797,2015-10-30,Netherlands,8.3,mixed,positive,Hotel is away from the city centre but can be reached easily by team tram stop right in front of the hotel Very nice leafy surroundings Room is quite big with a very nice modern bathroom,Breakfast is quite expensive and not too much choicea of cold meat or cheese,Hotel is away from the city centre but can be reached easily by team tram stop right in front of the hotel Very nice leafy surroundings Room is quite big with a very nice modern bathroom. Breakfast is quite expensive and not too much choicea of cold meat or cheese.
r0050,408530,2015-11-04,Italy,8.8,mixed,positive,Hotel was nicely decorated Breakfast was more than adequate,Hotel sits right above the underground subway which guests can hear the coming and going of trains until midnight Hotel quite a walk from train station,Hotel was nicely decorated Breakfast was more than adequate. Hotel sits right above the underground subway which guests can hear the coming and going of trains until midnight Hotel quite a walk from train station.
r0051,281333,2015-10-06,Spain,5.4,mixed,positive,bus stop right outside the hotel until 11pm after that is either the metro until 2 00am or taxi walking distance to the beach very quiet tea coffee utilities reception 24 7,Water in bathroom can t stay in a normal temperature Either is cold or hot hot And if you have the luck to wake up 4 in the morning to catch your flight you have to wait for 20 minutes for the water to cool down unless you use it for a cup of tea long way to the center 20 30 min with the bus metro need to walk 20 min and if it s night it s a bit scary as its empty streets breakfast was not included 16 extra pp,bus stop right outside the hotel until 11pm after that is either the metro until 2 00am or taxi walking distance to the beach very quiet tea coffee utilities reception 24 7. Water in bathroom can t stay in a normal temperature Either is cold or hot hot And if you have the luck to wake up 4 in the morning to catch your flight you have to wait for 20 minutes for the water to cool down unless you use it for a cup of tea long way to the center 20 30 min with the bus metro need to walk 20 min and if it s night it s a bit scary as its empty streets breakfast was not included 16 extra pp.
r0052,258462,2015-08-10,United Kingdom,9.2,mixed,negative,Fab location Good sized room for London Friendly staff,I would have liked an onsite Restaurant to have more choice but the food was good Staff not very attentive Had to ask every time we wanted something,I would have liked an onsite Restaurant to have more choice but the food was good Staff not very attentive Had to ask every time we wanted something. Fab location Good sized room for London Friendly staff.
r0053,475173,2015-09-25,Italy,8.8,mixed,positive,Staff very helpful Clean and tidy room,WiFi extremely slow,Staff very helpful Clean and tidy room. WiFi extremely slow.
r0054,262984,2015-10-24,United Kingdom,7.5,mixed,positive,Location was great for the Royal Albert Hall Overall a comfortable stay nice and quiet as we were on the 26th floor And good location for Gloucester Road tube station,The shower curtain Personally I prefer a shower screen for hygienic reasons,Location was great for the Royal Albert Hall Overall a comfortable stay nice and quiet as we were on the 26th floor And good location for Gloucester Road tube station. The shower curtain Personally I prefer a shower screen for hygienic reasons.
r0055,83364,2015-11-26,United Kingdom,8.3,mixed,positive,The location is great Very close to the Holborn tube station and Oxford Street Soho etc The staff are very nice and helpful and loved the free breakfast bag,We asked for an iron but were told that other guests are keeping it and hence they would not be able to lend it to us For a 4 star hotel I should hope that it has more than one set of iron As a result we had to attend an event with wrinkled shirts and suits The reception area is always noisy and crowded with customers for the bar coffee shop The room is also much smaller than it looks in the photo,The location is great Very close to the Holborn tube station and Oxford Street Soho etc The staff are very nice and helpful and loved the free breakfast bag. We asked for an iron but were told that other guests are keeping it and hence they would not be able to lend it to us For a 4 star hotel I should hope that it has more than one set of iron As a result we had to attend an event with wrinkled shirts and suits The reception area is always noisy and crowded with customers for the bar coffee shop The room is also much smaller than it looks in the photo.
r0056,168369,2015-09-10,United Kingdom,7.1,mixed,positive,Very helpful lobby staff doormen luggage room,TERRIBLE wifi in the room and I had work to do Very slow kept collapsing,Very helpful lobby staff doormen luggage room. TERRIBLE wifi in the room and I had work to do Very slow kept collapsing.
r0057,287482,2015-08-25,United Kingdom,10.0,mixed,positive,Friendly and efficient reception staff excellent room both comfortable and clean,The only disappointment was the time taken by the concierge to find our bags on checking out giving the impression that the system was in need of review,Friendly and efficient reception staff excellent room both comfortable and clean. The only disappointment was the time taken by the concierge to find our bags on checking out giving the impression that the system was in need of review.
r0058,88169,2015-11-14,United Kingdom,10.0,mixed,negative,Everything staff wonderful hotel the best,not a thing you could complain about,not a thing you could complain about. Everything staff wonderful hotel the best.
r0059,307542,2015-10-18,Netherlands,10.0,mixed,positive,Great location Walk to Central train station Near restaurants and shopping Nice small room Plenty big for one Old building Good breakfast Hot water Clean Friendly staff,Slow but free internet The view was the worst I have ever seen from a hotell room Beyond terrible I liked the hotel and would stay again if they could give me a room with street view instead of ductwork and no daylight,Great location Walk to Central train station Near restaurants and shopping Nice small room Plenty big for one Old building Good breakfast Hot water Clean Friendly staff. Slow but free internet The view was the worst I have ever seen from a hotell room Beyond terrible I liked the hotel and would stay again if they could give me a room with street view instead of ductwork and no daylight.
r0060,416855,2015-11-25,Spain,9.6,mixed,negative,Space like design great breakfast localization,Not big enough reception desk waiting lines,Not big enough reception desk waiting lines. Space like design great breakfast localization.
r0061,94075,2015-12-07,United Kingdom,9.6,mixed,positive,Great service exceptional hotel Location awesome,Pricey but worth it,Great service exceptional hotel Location awesome. Pricey but worth it.
r0062,461533,2015-09-23,Netherlands,7.9,mixed,negative,Location is excellent,Lobby needs modernization and staff need training on customer service,Lobby needs modernization and staff need training on customer service. Location is excellent.
r0063,102304,2015-11-22,United Kingdom,8.8,mixed,positive,Very comfy bed,Slightly noisy part of town,Very comfy bed. Slightly noisy part of town.
r0064,311860,2015-09-07,Netherlands,8.3,mixed,positive,Modern hotel with all the facilities you may need,they still don t have the alcohol license the staff only speak English and Dutch be aware if you don t speak the same language,Modern hotel with all the facilities you may need. they still don t have the alcohol license the staff only speak English and Dutch be aware if you don t speak the same language.
r0065,354117,2015-10-01,Austria,8.8,mixed,negative,The location of the hotel is excellent The staff is always willing to help and they helped us indeed to print a document when we needed it It has conditioned air we even had an upgrade for the same price,Maybe the common spaces need an update but in general I don t have any complains,Maybe the common spaces need an update but in general I don t have any complains. The location of the hotel is excellent The staff is always willing to help and they helped us indeed to print a document when we needed it It has conditioned air we even had an upgrade for the same price.
r0066,12692,2015-09-10,France,7.1,mixed,negative,Great location and very helpful staff,hotel is quite ols and needs to be modernized,hotel is quite ols and needs to be modernized. Great location and very helpful staff.
r0067,55715,2015-10-27,France,9.2,mixed,positive,Great hotel in the heart of Paris Easy walking distances to all the sites especially all the great cafes and restaurants,View from our window wasn t that great construction across the street,Great hotel in the heart of Paris Easy walking distances to all the sites especially all the great cafes and restaurants. View from our window wasn t that great construction across the street.
r0068,207869,2015-11-03,United Kingdom,6.7,mixed,negative,Great location Really easy to get around London,Room was very small and we were right near the lift and the noise was horrendous,Room was very small and we were right near the lift and the noise was horrendous. Great location Really easy to get around London.
r0069,201103,2015-08-16,United Kingdom,7.5,mixed,positive,cleanliness and very casual atmosphere,parking issues only,cleanliness and very casual atmosphere. parking issues only.
r0070,213958,2015-08-27,United Kingdom,6.3,mixed,positive,Excellent location Staff well behaved and helpful,Bath rooms very small any slightly fat person can not fit in the shower capsule Pictures of the rooms lobby toilets shown at the time of booking does not reflect what is actual size of room and baths It simply misguidesGood,Excellent location Staff well behaved and helpful. Bath rooms very small any slightly fat person can not fit in the shower capsule Pictures of the rooms lobby toilets shown at the time of booking does not reflect what is actual size of room and baths It simply misguidesGood.
r0071,445230,2015-10-20,Netherlands,5.4,mixed,negative,Location near to the target place Free shuttle bus to station,Air conditioning Frozen cold room Couldn t solved by the staff and was kind of suffer Although new design of shower but I didn t like it,Air conditioning Frozen cold room Couldn t solved by the staff and was kind of suffer Although new design of shower but I didn t like it. Location near to the target place Free shuttle bus to station.
r0072,101177,2015-08-08,United Kingdom,10.0,mixed,negative,loved the curzon cinema facility and calmness of hotel,I really didn t like the staff uniforms at the front desk The reception staff didn t look smart and it didnt fit with the hotel style By all means be contemporary but there must ne nicer design out there,I really didn t like the staff uniforms at the front desk The reception staff didn t look smart and it didnt fit with the hotel style By all means be contemporary but there must ne nicer design out there. loved the curzon cinema facility and calmness of hotel.
r0073,354643,2015-09-22,Austria,5.0,mixed,negative,It is close to the central station,At 6 pm when I arrived and went up to the room it was still not cleaned and someone came to clean it when I was there,At 6 pm when I arrived and went up to the room it was still not cleaned and someone came to clean it when I was there. It is close to the central station.
r0074,434690,2015-11-16,Spain,9.2,mixed,positive,Gallery Hotel is very nice hotel room is big staff are excellent location is excellent breakfast is very good,The only bad thing is the room key still they are using the old style where you need to keep the key in reception when you go out Other than this everything is good,Gallery Hotel is very nice hotel room is big staff are excellent location is excellent breakfast is very good. The only bad thing is the room key still they are using the old style where you need to keep the key in reception when you go out Other than this everything is good.
r0075,43949,2015-09-13,France,7.1,mixed,negative,Location Friendly and knowledgable staff Clean and modern bathroom,No chair at desk Just ottoman Very small shower Just bigger than shoulder width Expensive,No chair at desk Just ottoman Very small shower Just bigger than shoulder width Expensive. Location Friendly and knowledgable staff Clean and modern bathroom.
r0076,508474,2015-09-30,United Kingdom,8.8,mixed,positive,Bedroom well appointed,Restaurant choice on dinner menu was disappointing and food only adequate,Bedroom well appointed. Restaurant choice on dinner menu was disappointing and food only adequate.
r0077,85832,2015-11-26,United Kingdom,9.6,mixed,negative,It s brand new looks great feels great staff very good,Location not great prices will no doubt go up once established Breakfast was 25,Location not great prices will no doubt go up once established Breakfast was 25. It s brand new looks great feels great staff very good.
r0078,146535,2015-11-26,France,9.2,mixed,negative,The Four Seasons standard,Expensive and the absence of a breakfast buffet More vegetalian vegan options at the bar restaurants would be much appreciated,Expensive and the absence of a breakfast buffet More vegetalian vegan options at the bar restaurants would be much appreciated. The Four Seasons standard.
r0079,412223,2015-10-02,Spain,9.6,mixed,positive,We really Enjoyed our staying The hotel is clean it s about 7 MN walk from a huge shopping center with anything you may desire the rooms are very modern the hours of the gym are very flexible Oooh the breakfast buffet was excellent We as a family definitely recommend,There was no kiddy pool The pool was to deep for our daughter,We really Enjoyed our staying The hotel is clean it s about 7 MN walk from a huge shopping center with anything you may desire the rooms are very modern the hours of the gym are very flexible Oooh the breakfast buffet was excellent We as a family definitely recommend. There was no kiddy pool The pool was to deep for our daughter.
r0080,435822,2015-08-13,Austria,5.0,mixed,negative,Clean room n bed,Was not happy with the size of room bathroom hallways elevators n lobby,Was not happy with the size of room bathroom hallways elevators n lobby. Clean room n bed.
r0081,303411,2015-08-04,Italy,8.3,mixed,negative,Nice luxury hotel,Bedsheets were stained with yellowish wet liquid they said it was cleaning detergent and gave us free drop off to train station,Bedsheets were stained with yellowish wet liquid they said it was cleaning detergent and gave us free drop off to train station. Nice luxury hotel.
r0082,169935,2015-08-05,United Kingdom,8.3,mixed,negative,Good location close to several underground stations Friendly staff,The lift did not reach the top floor so that we had to go up stairs with a heavy suitcase,The lift did not reach the top floor so that we had to go up stairs with a heavy suitcase. Good location close to several underground stations Friendly staff.
r0083,152636,2015-11-08,France,7.5,mixed,positive,Loved the breakfast served downstairs but space was a bit of a congested,The room was really small and the walls were paper thin I could hear too much of what was going on outside my room,Loved the breakfast served downstairs but space was a bit of a congested. The room was really small and the walls were paper thin I could hear too much of what was going on outside my room.
r0084,266625,2015-12-16,United Kingdom,9.6,mixed,negative,We loved our family room with loads of space and everything you could possibly need for an overnight stay The beds were comfy and the bathroom was great,The one little thing that let you down was the service at breakfast Bearing in mind the status of the hotel we would of expected more attention to detail Tea was wrong eggs beans had run out and not refilled but the staff were very nice just could of been a few more maybe It was very busy and we had already been warned by way of a letter left in our room to warn of the very busy weekend,The one little thing that let you down was the service at breakfast Bearing in mind the status of the hotel we would of expected more attention to detail Tea was wrong eggs beans had run out and not refilled but the staff were very nice just could of been a few more maybe It was very busy and we had already been warned by way of a letter left in our room to warn of the very busy weekend. We loved our family room with loads of space and everything you could possibly need for an overnight stay The beds were comfy and the bathroom was great.
r0085,220094,2015-12-12,France,9.6,mixed,negative,Decor location quality of bedding and toiletries excellent Small intimate hotel Bar staff amazing helpful with heating baby food and accommodating your needs sadly I highchairs,No complimentary tea or water in rooms For a 4 5 star hotel this is an expectation This was the only inconvenient disappointment A small detail to make guests feel more welcome,No complimentary tea or water in rooms For a 4 5 star hotel this is an expectation This was the only inconvenient disappointment A small detail to make guests feel more welcome. Decor location quality of bedding and toiletries excellent Small intimate hotel Bar staff amazing helpful with heating baby food and accommodating your needs sadly I highchairs.
r0086,393371,2015-10-13,Netherlands,4.2,mixed,negative,It was quiet,Expected a lot more for the price and it being a 4 hotel Not good value for money,Expected a lot more for the price and it being a 4 hotel Not good value for money. It was quiet.
r0087,40512,2015-09-22,France,9.6,mixed,positive,The location referral of restaurants by staff quiet and effective service split bathroom was a good idea beautiful linen sheets,Noise late at night from Bugsy s,The location referral of restaurants by staff quiet and effective service split bathroom was a good idea beautiful linen sheets. Noise late at night from Bugsy s.
r0088,165852,2015-08-31,United Kingdom,10.0,mixed,negative,All the staff were friendly and very helpful the hotel was easy to find and very central to where we wanted to visit during our stay The room was bigger than expected and very comfortable room service was excellent,Only issue we had was the wi fi my daughter had difficulty using it despite using the code provided,Only issue we had was the wi fi my daughter had difficulty using it despite using the code provided. All the staff were friendly and very helpful the hotel was easy to find and very central to where we wanted to visit during our stay The room was bigger than expected and very comfortable room service was excellent.
r0089,119886,2015-11-03,United Kingdom,4.2,mixed,negative,location was great,very small room low ceilings and can hear people talking in all of the adjacent rooms room itself was terrible with tiny windown very dark room,very small room low ceilings and can hear people talking in all of the adjacent rooms room itself was terrible with tiny windown very dark room. location was great.
r0090,458226,2015-12-07,United Kingdom,9.2,mixed,negative,Second stay at this hotel Location ideal for my visits Staff were again excellent welcoming and helpful,Rooms a bit tired TV reception poor and programmes limited,Rooms a bit tired TV reception poor and programmes limited. Second stay at this hotel Location ideal for my visits Staff were again excellent welcoming and helpful.
r0091,125680,2015-09-16,United Kingdom,6.7,mixed,positive,Brilliant location and exceedingly comfortable room,Breakfast was by far the worst that I ve experienced in some time Completely disorganized and chaotic Buffet dishes not stocked food not restocked no orientation directions given by staff My table was even given away to another guest after i initially sat Also on check in no attention had been paid to my advances requests,Brilliant location and exceedingly comfortable room. Breakfast was by far the worst that I ve experienced in some time Completely disorganized and chaotic Buffet dishes not stocked food not restocked no orientation directions given by staff My table was even given away to another guest after i initially sat Also on check in no attention had been paid to my advances requests.
r0092,269604,2015-11-03,Netherlands,5.4,mixed,negative,Rooms where clean,The staff at the check in was terrible we payed cash up front and the desk in arrival at 1 00 we had asked for a check in as early at possible and were only told after going true the hole process of checking in the last thing the girl said at the front desk was sorry but your room is not ready till 3 00 and on returning to the hotel 2 hours later we were told my booking is not on the system even after we had payed the city tax 35 00 euro and 50 00 deposit and the full amount four the room 4 nights we stayed staff are not helpful or pleasant in any shape or form,The staff at the check in was terrible we payed cash up front and the desk in arrival at 1 00 we had asked for a check in as early at possible and were only told after going true the hole process of checking in the last thing the girl said at the front desk was sorry but your room is not ready till 3 00 and on returning to the hotel 2 hours later we were told my booking is not on the system even after we had payed the city tax 35 00 euro and 50 00 deposit and the full amount four the room 4 nights we stayed staff are not helpful or pleasant in any shape or form. Rooms where clean.
r0093,154843,2015-10-27,France,8.3,mixed,negative,It was a comfortable stay in this nice hotel with a cordial staff,Location and connectivity The expense to arrange a taxi to go to Paris Nord was fare too much,Location and connectivity The expense to arrange a taxi to go to Paris Nord was fare too much. It was a comfortable stay in this nice hotel with a cordial staff.
r0094,267096,2015-09-13,United Kingdom,5.0,mixed,negative,The location is great next to Covent Garden,Unfriendly not helpful reception of a asian lady,Unfriendly not helpful reception of a asian lady. The location is great next to Covent Garden.
r0095,347556,2015-10-26,Netherlands,7.5,mixed,positive,Very friendly and helpful reception staff Nice and trendy bar and reception area Delicious food in the restaurant,Small room you barely have any space to walk around the furniture Useless shower water splashes all over the bathroom because the glass wall is actually on a side of the shower not in front of it,Very friendly and helpful reception staff Nice and trendy bar and reception area Delicious food in the restaurant. Small room you barely have any space to walk around the furniture Useless shower water splashes all over the bathroom because the glass wall is actually on a side of the shower not in front of it.
r0096,81340,2015-08-09,United Kingdom,9.6,mixed,positive,Stayed as a wedding guest with reception at the Chinese Cricket Club All staff very friendly and helpful and lovely room Brilliant location,Not having breakfast included in the price Although it was offered for 14 95 that is a lot for a bowl of cereal and some toast,Stayed as a wedding guest with reception at the Chinese Cricket Club All staff very friendly and helpful and lovely room Brilliant location. Not having breakfast included in the price Although it was offered for 14 95 that is a lot for a bowl of cereal and some toast.
r0097,390335,2015-08-25,United Kingdom,5.4,mixed,negative,Bed is comfy big TV Free Coffee and Tea in Room,WiFi is extremely slow when it works to load one page it takes soemtimes 20 minutes Sorry this is the worst WiFi experience in a while Location far away from Center Fitness is not as good as in other Aloft Hotels,WiFi is extremely slow when it works to load one page it takes soemtimes 20 minutes Sorry this is the worst WiFi experience in a while Location far away from Center Fitness is not as good as in other Aloft Hotels. Bed is comfy big TV Free Coffee and Tea in Room.
r0098,94754,2015-08-30,United Kingdom,7.1,mixed,negative,Location and staff were very pleasant,Breakfast understaffed to cater for peak periods left waiting for tea coffee orders Staff poorly organised,Breakfast understaffed to cater for peak periods left waiting for tea coffee orders Staff poorly organised. Location and staff were very pleasant.
r0099,100518,2015-10-05,France,8.8,mixed,positive,Unique design and great location,Room a bit on the small side,Unique design and great location. Room a bit on the small side.
r0100,129697,2015-10-09,France,6.7,mixed,negative,Staff at the reception was friendly,The restaurantstaff was very unfriendly rude and arrogant,The restaurantstaff was very unfriendly rude and arrogant. Staff at the reception was friendly.
r0101,110414,2015-11-03,United Kingdom,7.5,mixed,positive,Fitness room is great location is good quite hotel,Room not very clean window leave wind get a bit inside room not too warm air conditioning not provide warm air bathroom need to be refresh,Fitness room is great location is good quite hotel. Room not very clean window leave wind get a bit inside room not too warm air conditioning not provide warm air bathroom need to be refresh.
r0102,370618,2015-09-08,Austria,8.3,mixed,negative,Modern but cozy and relaxed design Very good breakfast,Noisy air conditioner in the room The rooftop bars foods weren t locking could add some variety,Noisy air conditioner in the room The rooftop bars foods weren t locking could add some variety. Modern but cozy and relaxed design Very good breakfast.
r0103,2665,2015-12-22,United Kingdom,5.8,mixed,positive,Comfortable and clean Walking distance from train stations,The second room for our family was not as close as we would have liked despite requesting rooms together Staff were perfunctory and showed no interest whatsoever in us or in enhancing our stay in London When asked to call a taxi they arranged an Uber car and the driver did not know how to get to the destination a tube station so my husband had to use his own phone to navigate Expensive for what we got,Comfortable and clean Walking distance from train stations. The second room for our family was not as close as we would have liked despite requesting rooms together Staff were perfunctory and showed no interest whatsoever in us or in enhancing our stay in London When asked to call a taxi they arranged an Uber car and the driver did not know how to get to the destination a tube station so my husband had to use his own phone to navigate Expensive for what we got.
r0104,118840,2015-10-27,United Kingdom,8.3,mixed,negative,Situated near Victoria station with myriad of bars restaurants and services nearby Wonderful area for walking,Gym poorly fitted out,Gym poorly fitted out. Situated near Victoria station with myriad of bars restaurants and services nearby Wonderful area for walking.
r0105,414244,2015-11-08,Spain,10.0,mixed,negative,Beautiful setting overlooking port Very comfy room and nice breakfast Easy access to reasonably priced terrace bar serving Sandwiches to Pizza and Pasta Superb Wifi if you need to keep in touch,The only downside was a constant background engine rumble from the Port This was NOT a problem in the room but was a bit annoying on the balcony,The only downside was a constant background engine rumble from the Port This was NOT a problem in the room but was a bit annoying on the balcony. Beautiful setting overlooking port Very comfy room and nice breakfast Easy access to reasonably priced terrace bar serving Sandwiches to Pizza and Pasta Superb Wifi if you need to keep in touch.
r0106,233607,2015-08-16,France,6.3,mixed,positive,Help from the personnel,Room was not good,Help from the personnel. Room was not good.
r0107,129211,2015-10-07,United Kingdom,6.3,mixed,negative,Nice staff clean room,Very tiny rooms although I booked double room for me but still very tiny Mattress and pillow are not comfortable,Very tiny rooms although I booked double room for me but still very tiny Mattress and pillow are not comfortable. Nice staff clean room.
r0108,333509,2015-12-06,United Kingdom,9.2,mixed,positive,The staff we re extremely attentive the breakfast in the morning was excellent and the WiFi was free and available throughout the hotel,Entertainment system inside the room was poor,The staff we re extremely attentive the breakfast in the morning was excellent and the WiFi was free and available throughout the hotel. Entertainment system inside the room was poor.
r0109,9451,2015-12-18,United Kingdom,9.2,mixed,negative,The hotel is beautiful and well looked after We even got updated as we turned up early and our room was not available,The room was quite small even after being upgraded,The room was quite small even after being upgraded. The hotel is beautiful and well looked after We even got updated as we turned up early and our room was not available.
r0110,196463,2015-09-04,United Kingdom,8.8,mixed,negative,You cannot beat the location Nice rooms,Just minor mold in the shower,Just minor mold in the shower. You cannot beat the location Nice rooms.
r0111,2727,2015-10-16,United Kingdom,10.0,mixed,negative,Situated in a quiet relaxing part of Paddington Great service staff friendly and helpful Comfortable modern and luxurious decor Smaller hotel Hope to return Great location,I didn t like that it took 2 other bad experiences in Paddington before we found this one,I didn t like that it took 2 other bad experiences in Paddington before we found this one. Situated in a quiet relaxing part of Paddington Great service staff friendly and helpful Comfortable modern and luxurious decor Smaller hotel Hope to return Great location.
r0112,365533,2015-09-30,Austria,8.8,mixed,positive,Superb atmosphere design Wonderful staff Clean room,No curtain which on window No clothes cupboard TV is not working it was unplugged but then no channels available Glass wall bathroom We put blanket cover with our shoes at top of bathroom,Superb atmosphere design Wonderful staff Clean room. No curtain which on window No clothes cupboard TV is not working it was unplugged but then no channels available Glass wall bathroom We put blanket cover with our shoes at top of bathroom.
r0113,398234,2015-09-27,Spain,8.3,mixed,negative,Good hairdryer and spacious bathroom,Shower wasn t powerful pillows were flat The cup in the room should be bigger,Shower wasn t powerful pillows were flat The cup in the room should be bigger. Good hairdryer and spacious bathroom.
r0114,41498,2015-09-20,United Kingdom,7.5,mixed,positive,Good location helpful staff,Room was bit small and shower with basin was just squeezed in a small room,Good location helpful staff. Room was bit small and shower with basin was just squeezed in a small room.
r0115,129564,2015-09-30,France,5.8,mixed,positive,clean room and bathroom Breakfast was ok But could be better,hard to communicate w th recept on sts They were not k nd We had to wa t a long t me for check n process,clean room and bathroom Breakfast was ok But could be better. hard to communicate w th recept on sts They were not k nd We had to wa t a long t me for check n process.
r0116,419171,2015-12-15,Netherlands,8.8,mixed,positive,size of the room its silentness not bad breakfast nice and always smiling team near grand central station which creates easy access to everything,instead of small slightly larger than a bathtub pool I would rather see a larger sauna and a shower area hotel is good but little bit pricy compared to its peers,size of the room its silentness not bad breakfast nice and always smiling team near grand central station which creates easy access to everything. instead of small slightly larger than a bathtub pool I would rather see a larger sauna and a shower area hotel is good but little bit pricy compared to its peers.
r0117,402666,2015-11-03,Spain,8.3,mixed,negative,Very convenient location Helpful staff,The room was too warm despite the autumn weather end October 20 so we had to turn on the A C overnight and we ended up catching a cold The bathroom provides no privacy as the WC has a glass door that does not lock They could have as well put it between the beds We were not expecting to pay London prices in off season Barcelona,The room was too warm despite the autumn weather end October 20 so we had to turn on the A C overnight and we ended up catching a cold The bathroom provides no privacy as the WC has a glass door that does not lock They could have as well put it between the beds We were not expecting to pay London prices in off season Barcelona. Very convenient location Helpful staff.
r0118,225779,2015-09-29,France,7.1,mixed,negative,Location and cleanliness,Room too small for the,Room too small for the. Location and cleanliness.
r0119,114530,2015-08-16,United Kingdom,5.8,mixed,positive,The location was very convenient,The tidiness of the hotel poor staff service,The location was very convenient. The tidiness of the hotel poor staff service.
r0120,434918,2016-08-28,Spain,8.3,mixed,positive,Great food Great building Fantastic staff,We had to kill a water bug cockroach in the bathroom Yuk,Great food Great building Fantastic staff. We had to kill a water bug cockroach in the bathroom Yuk.
r0121,99289,2016-12-22,United Kingdom,6.7,mixed,negative,Bedroom was comfortable as was the bed,No evening dinner facility,No evening dinner facility. Bedroom was comfortable as was the bed.
r0122,500109,2016-09-26,Austria,10.0,mixed,positive,Good location Nice and clean rooms,The breakfast was rich but too expencive,Good location Nice and clean rooms. The breakfast was rich but too expencive.
r0123,415973,2016-02-29,Spain,9.2,mixed,positive,Incredible location Great rooms with excellent views,Pool pool bar wasn t as available as hoped check before your stay for dates,Incredible location Great rooms with excellent views. Pool pool bar wasn t as available as hoped check before your stay for dates.
r0124,125019,2016-11-28,United Kingdom,7.9,mixed,positive,Wonderful location with the riverside looking amazing at night You are welcomed by a warm cookie on arrival which is a lovely touch Staff were extremely helpful and friendly and were quick to assist when we found our rooms were not warming up and the room phones were not working Awesome that a ferry trip across the river was included Fantastic breakfast too,If there had been more leisure facilities for relaxation and pampering it would have been so much better,Wonderful location with the riverside looking amazing at night You are welcomed by a warm cookie on arrival which is a lovely touch Staff were extremely helpful and friendly and were quick to assist when we found our rooms were not warming up and the room phones were not working Awesome that a ferry trip across the river was included Fantastic breakfast too. If there had been more leisure facilities for relaxation and pampering it would have been so much better.
r0125,461277,2016-02-21,Netherlands,8.3,mixed,negative,The staff were excellent the breakfast was lovely The room was clean and comfortable the area was perfect for us visiting as a family,only disappointing thing was that there was a mouse in the bar area we did alert the staff in the bar who advised housekeeping who then came and hoovered up the area that is the reason for the low score on cleanliness also feel wifi should be freely available in a hotel of this calibre and price,only disappointing thing was that there was a mouse in the bar area we did alert the staff in the bar who advised housekeeping who then came and hoovered up the area that is the reason for the low score on cleanliness also feel wifi should be freely available in a hotel of this calibre and price. The staff were excellent the breakfast was lovely The room was clean and comfortable the area was perfect for us visiting as a family.
r0126,96543,2016-07-21,United Kingdom,10.0,mixed,negative,The towels and the bed are a dream,Air conditioning in my room broke twice and while it was repaired the first time quickly that repair didn t stick At one point the room was up to 27C My only complaint,Air conditioning in my room broke twice and while it was repaired the first time quickly that repair didn t stick At one point the room was up to 27C My only complaint. The towels and the bed are a dream.
r0127,347829,2016-07-16,Netherlands,10.0,mixed,negative,Great style and comfort all in one,I would have liked another light near the door which was where the room refrigerator and suitcase valet was,I would have liked another light near the door which was where the room refrigerator and suitcase valet was. Great style and comfort all in one.
r0128,67851,2016-04-05,United Kingdom,7.5,mixed,negative,Staff all friendly helpful,Decor could do with an update,Decor could do with an update. Staff all friendly helpful.
r0129,326776,2016-09-06,United Kingdom,7.1,mixed,positive,Great situation and atmosphere with a very traditional maybe dated feel,Arguing about the bill as the system of signing for orders does not work at this hotel Left a bad taste at the end of a nice stay,Great situation and atmosphere with a very traditional maybe dated feel. Arguing about the bill as the system of signing for orders does not work at this hotel Left a bad taste at the end of a nice stay.
r0130,394909,2016-01-21,Spain,6.3,mixed,positive,The room is comfortable Breakfast was good and varied Parking on site 16 eur Clean,Staff very unwelcoming Thin walls You can hear every steps in the corridor Wifi signal was poor,The room is comfortable Breakfast was good and varied Parking on site 16 eur Clean. Staff very unwelcoming Thin walls You can hear every steps in the corridor Wifi signal was poor.
r0131,344328,2016-12-17,United Kingdom,9.6,mixed,negative,Beds were comfortable lovely sleep facilities were clean and staff were friendly thoroughly enjoyed our stay good location,Maybe some documents on the tube and train station facilities directly around us general tourist info,Maybe some documents on the tube and train station facilities directly around us general tourist info. Beds were comfortable lovely sleep facilities were clean and staff were friendly thoroughly enjoyed our stay good location.
r0132,73396,2016-07-19,United Kingdom,7.5,mixed,negative,Hotel 5 minutes walk from barbican tube station so in a great location Room were modern and bed was very comfortable,I had the unfortunate experience of burning my hand as the hot water that came straight out the tap was scolding we reported it to reception who said they would get it looked at but no accident form filled in Our room was at the front of the hotel and on both nights we were kept awake by noise from nearby bars Shower was a nightmare and flooded the entire floor every time we used it,I had the unfortunate experience of burning my hand as the hot water that came straight out the tap was scolding we reported it to reception who said they would get it looked at but no accident form filled in Our room was at the front of the hotel and on both nights we were kept awake by noise from nearby bars Shower was a nightmare and flooded the entire floor every time we used it. Hotel 5 minutes walk from barbican tube station so in a great location Room were modern and bed was very comfortable.
r0133,121186,2016-09-15,France,7.5,mixed,negative,Nice room and breakfast,There was no lift till ground floor So one has to carry luggage till 1st floor to catch lift,There was no lift till ground floor So one has to carry luggage till 1st floor to catch lift. Nice room and breakfast.
r0134,186382,2016-02-18,United Kingdom,7.1,mixed,positive,Room is modern,Room was small Communal areas need refurbishment,Room is modern. Room was small Communal areas need refurbishment.
r0135,479823,2016-09-06,Italy,10.0,mixed,negative,Fantastically comfy bed and very helpful staff Great selection at breakfast,One self service coffee machine is simply not enough for the number that were at breakfast especially since it didn t give the drink correctly more times than it did,One self service coffee machine is simply not enough for the number that were at breakfast especially since it didn t give the drink correctly more times than it did. Fantastically comfy bed and very helpful staff Great selection at breakfast.
r0136,53587,2016-04-04,United Kingdom,8.8,mixed,negative,Very quiet location nice room with a cosy feeling and a nice touch Stayed in a superior double room,Although not too far the closest underground stop isn t very close either There are a few bus lines running very close by though,Although not too far the closest underground stop isn t very close either There are a few bus lines running very close by though. Very quiet location nice room with a cosy feeling and a nice touch Stayed in a superior double room.
r0137,381658,2016-04-11,Spain,9.6,mixed,negative,Upgrade to deluxe room friendly and helpful staff all round Near cruise terminal and bottom of La Rambla Also very near to HOHO bus stop,only had one night there so didn t get to use all the facilities,only had one night there so didn t get to use all the facilities. Upgrade to deluxe room friendly and helpful staff all round Near cruise terminal and bottom of La Rambla Also very near to HOHO bus stop.
r0138,242563,2016-08-13,United Kingdom,3.3,mixed,positive,What croissants However breakfast and breakfast staff were fine,First night was a very very narrow bed for 2 in a tiny room No lift for our 2 x 20 kg suitcases Depressing place to be avoided Great need for maintenance in bathrooms,What croissants However breakfast and breakfast staff were fine. First night was a very very narrow bed for 2 in a tiny room No lift for our 2 x 20 kg suitcases Depressing place to be avoided Great need for maintenance in bathrooms.
r0139,307195,2016-10-25,Netherlands,9.2,mixed,positive,Amazing location Great staff Reasonably priced,The modern wing is the place to say think it is called the studio wing All other rooms are dated and of a poor standard when compared I had to request a room change as a result,Amazing location Great staff Reasonably priced. The modern wing is the place to say think it is called the studio wing All other rooms are dated and of a poor standard when compared I had to request a room change as a result.
r0140,410718,2016-08-10,Netherlands,5.0,mixed,negative,Location was great Convenient to city center and transportation hub,Service was terrible Dirty coffee pot from the previous stay housekeeping didn t replace dirty glasses or cups request for new cups and glasses was never adhered to,Service was terrible Dirty coffee pot from the previous stay housekeeping didn t replace dirty glasses or cups request for new cups and glasses was never adhered to. Location was great Convenient to city center and transportation hub.
r0141,195376,2016-09-22,France,10.0,mixed,positive,Extremely nice and helpful personnel great design,Breakfast Too costly for what was offered,Extremely nice and helpful personnel great design. Breakfast Too costly for what was offered.
r0142,155531,2016-07-12,United Kingdom,7.9,mixed,negative,Loved the views from the hotel and plus the food at the bayan was brilliant,My room view looking out onto the road rather than the Thames,My room view looking out onto the road rather than the Thames. Loved the views from the hotel and plus the food at the bayan was brilliant.
r0143,304637,2016-10-01,Italy,9.2,mixed,positive,The staff were excellent the position in Milano was perfect The view from the 8th floor is spectacular,The restaurant for dinner breakfast were disorganized particularly breakfast Nobody kept an eye on food running low so all food was always running out Table clearance they could never keep up quite poor,The staff were excellent the position in Milano was perfect The view from the 8th floor is spectacular. The restaurant for dinner breakfast were disorganized particularly breakfast Nobody kept an eye on food running low so all food was always running out Table clearance they could never keep up quite poor.
r0144,356495,2016-08-03,Netherlands,9.2,mixed,negative,Lovely hotel great service Beautiful building and styling,Night menu only one pizza left and we were starving And I would have liked a fluffier duvet,Night menu only one pizza left and we were starving And I would have liked a fluffier duvet. Lovely hotel great service Beautiful building and styling.
r0145,318040,2016-07-20,United Kingdom,7.5,mixed,positive,The location of the hotel was great for my purpose,The sofa bed was very uncomfortable,The location of the hotel was great for my purpose. The sofa bed was very uncomfortable.
r0146,137782,2016-03-14,France,10.0,mixed,positive,The staff are very helpful and friendly Nothing was too much troubleWe were upgraded to a beautiful suite which was spacious and comfortable,Most hotels now provide free wifi at least in the public areas 10 euros a day is a little steep,The staff are very helpful and friendly Nothing was too much troubleWe were upgraded to a beautiful suite which was spacious and comfortable. Most hotels now provide free wifi at least in the public areas 10 euros a day is a little steep.
r0147,274121,2016-12-11,Netherlands,8.3,mixed,positive,Staff were nice and helpful The seating area downstairs is cosy Train station is a 7 minute walk away,The rooms were not great but not bad either The bathroom did not have a lock,Staff were nice and helpful The seating area downstairs is cosy Train station is a 7 minute walk away. The rooms were not great but not bad either The bathroom did not have a lock.
r0148,499901,2016-01-06,Netherlands,3.8,mixed,negative,Not far from centre,Staff charging 305 before I went without it stating this on the website or in terms and conditions,Staff charging 305 before I went without it stating this on the website or in terms and conditions. Not far from centre.
r0149,162371,2016-08-18,United Kingdom,9.0,mixed,positive,The room and bathroom were spotlessly clean which is always top of my list with clean towels every day Friendly staff and excellent location for all transport,The room was much smaller than I expected and therefore storage space was virtually non existent This would not put me off staying there again,The room and bathroom were spotlessly clean which is always top of my list with clean towels every day Friendly staff and excellent location for all transport. The room was much smaller than I expected and therefore storage space was virtually non existent This would not put me off staying there again.
r0150,83243,2016-07-11,United Kingdom,10.0,mixed,negative,I was recommended to stay at this hotel by my friend and wow it totally exceeded my expectations Stylish cozy perfectly clean very detail oriented music room design breakfast delivery to your room Restaurant bar downstairs is great for food and cocktails,Staying only one night and breakfast could be bit more filling,Staying only one night and breakfast could be bit more filling. I was recommended to stay at this hotel by my friend and wow it totally exceeded my expectations Stylish cozy perfectly clean very detail oriented music room design breakfast delivery to your room Restaurant bar downstairs is great for food and cocktails.
r0151,384128,2016-07-19,Netherlands,10.0,mixed,negative,The people at the desk and in the bar were all super smiley and open and friendly The room was large the bed was perfect loved the nespresso machine in the room,The cab they ordered smelled like cigarette smoke and so did the driver The driver didn t speak the whole ride to the airport I thought he didn t speak English until we arrived,The cab they ordered smelled like cigarette smoke and so did the driver The driver didn t speak the whole ride to the airport I thought he didn t speak English until we arrived. The people at the desk and in the bar were all super smiley and open and friendly The room was large the bed was perfect loved the nespresso machine in the room.
r0152,367593,2016-06-02,Spain,8.8,mixed,positive,Breakfast was great very helpful staff particularly Santiago on site parking,We paid extra for a royal room which was directly over the adjoining restaurant so woken at 6 00am every morning by staff dragging chairs and tables about Also general toilets are on the same floor so constantly disturbed by inconsiderate guests talking and doors closing late at night Whoever designed the layout wants shooting Not withstanding this we would stay in this hotel again but on a higher floor,Breakfast was great very helpful staff particularly Santiago on site parking. We paid extra for a royal room which was directly over the adjoining restaurant so woken at 6 00am every morning by staff dragging chairs and tables about Also general toilets are on the same floor so constantly disturbed by inconsiderate guests talking and doors closing late at night Whoever designed the layout wants shooting Not withstanding this we would stay in this hotel again but on a higher floor.
r0153,70981,2016-06-12,France,9.2,mixed,negative,The room was very clean Fresh towels daily View from the balcony Staff were very helpful and friendly,Tea and coffee making facilities in the room would have been welcome,Tea and coffee making facilities in the room would have been welcome. The room was very clean Fresh towels daily View from the balcony Staff were very helpful and friendly.
r0154,413210,2016-07-21,Spain,5.8,mixed,positive,Staff is good,There are exceptions but overall the hotel feels a bit tired just not 100 on the ball Extremely touristy,Staff is good. There are exceptions but overall the hotel feels a bit tired just not 100 on the ball Extremely touristy.
r0155,104662,2016-07-13,France,6.7,mixed,positive,The elderly concierge was a pleasant change to the other person and helped us with taxis and information of places around the hotel,The Chinese concierge was racist He was allowing Europeans and Americans to borrow the umbrella but had asked me to pay 20 euro,The elderly concierge was a pleasant change to the other person and helped us with taxis and information of places around the hotel. The Chinese concierge was racist He was allowing Europeans and Americans to borrow the umbrella but had asked me to pay 20 euro.
r0156,277043,2016-06-06,Spain,10.0,mixed,positive,Excellent work given by lady from Armenia in the breakfast table The best Very kind and caring person,the knowledge of receptionist work poor,Excellent work given by lady from Armenia in the breakfast table The best Very kind and caring person. the knowledge of receptionist work poor.
r0157,100995,2016-02-16,United Kingdom,9.2,mixed,positive,Excellent rooms superb bar on top floor excellent staff,Beds were uncomfortable but that is personal preference Didn t like the fact the room had no wardrobe just a curtain and a curtain rail,Excellent rooms superb bar on top floor excellent staff. Beds were uncomfortable but that is personal preference Didn t like the fact the room had no wardrobe just a curtain and a curtain rail.
r0158,208373,2016-03-29,United Kingdom,9.2,mixed,negative,Very kind responsive and helpful staff Quick check in and check out Great breakfast Very comfortable and well equipped rooms Location is very central with great links to trains buses and underground We will consider returning to this hotel for our next visits to London,Cleanliness could be improved as we found that a towel and a cup had not been cleaned properly Nothing serious but it stood out in contrast to the high standard of the hotel,Cleanliness could be improved as we found that a towel and a cup had not been cleaned properly Nothing serious but it stood out in contrast to the high standard of the hotel. Very kind responsive and helpful staff Quick check in and check out Great breakfast Very comfortable and well equipped rooms Location is very central with great links to trains buses and underground We will consider returning to this hotel for our next visits to London.
r0159,434455,2016-10-26,Spain,9.2,mixed,negative,Very clean beautiful bathroom with toiletries and very helpful cheerful staff,A bit noisy but no more than you d expect in a city hotel,A bit noisy but no more than you d expect in a city hotel. Very clean beautiful bathroom with toiletries and very helpful cheerful staff.
r0160,299079,2016-09-24,United Kingdom,10.0,mixed,positive,Great service and facilities,The magnetic key stopped working,Great service and facilities. The magnetic key stopped working.
r0161,26625,2016-08-30,United Kingdom,8.3,mixed,positive,Convenient for underground yet only a short walk away from a good variety of cafes and quiet restaurants,Room was small even though we had upgraded to a deluxe one,Convenient for underground yet only a short walk away from a good variety of cafes and quiet restaurants. Room was small even though we had upgraded to a deluxe one.
r0162,497817,2016-05-09,Netherlands,7.5,mixed,negative,The location was fantastic And the staff was very helpful and friendly,The rooms need updating A few stains on curtains chairs Part of the ceiling started to leak in on our last day,The rooms need updating A few stains on curtains chairs Part of the ceiling started to leak in on our last day. The location was fantastic And the staff was very helpful and friendly.
r0163,271120,2016-12-01,Netherlands,7.9,mixed,negative,Very clean and comfortable,We didnt have breakfast because at 18per person it was far too expensive,We didnt have breakfast because at 18per person it was far too expensive. Very clean and comfortable.
r0164,156808,2016-07-21,United Kingdom,7.5,mixed,negative,Staff was very helpful,Was disappointed having to use the stairs as I just had surgery on my ankle few months ago,Was disappointed having to use the stairs as I just had surgery on my ankle few months ago. Staff was very helpful.
r0165,373274,2016-07-31,Spain,9.2,mixed,positive,Very modern facilities lovely roof terrace free snacks helpful staff,It was expensive,Very modern facilities lovely roof terrace free snacks helpful staff. It was expensive.
r0166,40590,2016-02-25,France,6.3,mixed,negative,I loved the staff and the location,The facilities were bad refrigerator is not working and bad bed,The facilities were bad refrigerator is not working and bad bed. I loved the staff and the location.
r0167,496303,2016-09-06,Italy,7.1,mixed,positive,Very quiet no noise from the corridor other rooms even if it was fully booked Good staff Good private parking Room very clean and confortable,Can t open the windows in the room Nothing to eat after 22 00 no room service,Very quiet no noise from the corridor other rooms even if it was fully booked Good staff Good private parking Room very clean and confortable. Can t open the windows in the room Nothing to eat after 22 00 no room service.
r0168,156718,2016-10-14,United Kingdom,8.3,mixed,positive,Location is very good,The bed were too soft,Location is very good. The bed were too soft.
r0169,183644,2016-03-08,United Kingdom,9.2,mixed,negative,Leonardo in the Bank bar was excellent at making cocktails Food in Bistro 51 was superb and extremely good value especially with a 20 loyalty discount Reception staff very helpful especially the lovely trainee who checked us in,Breakfast was expensive ate elsewhere,Breakfast was expensive ate elsewhere. Leonardo in the Bank bar was excellent at making cocktails Food in Bistro 51 was superb and extremely good value especially with a 20 loyalty discount Reception staff very helpful especially the lovely trainee who checked us in.
r0170,437632,2016-07-14,Austria,7.1,mixed,negative,Eddy at reception was very friendly and helpful Located in a quiet area with not much city noise Breakfast was good with same menu everyday Serving ladies not so friendly We were given rooms with low ceiling but Eddy had them changed to proper ceiling room without much hassle,A bit far from stephenplatz and main area with not much to do around the hotel,A bit far from stephenplatz and main area with not much to do around the hotel. Eddy at reception was very friendly and helpful Located in a quiet area with not much city noise Breakfast was good with same menu everyday Serving ladies not so friendly We were given rooms with low ceiling but Eddy had them changed to proper ceiling room without much hassle.
r0171,292244,2016-03-23,United Kingdom,9.6,mixed,negative,i liked the friendliness of the staff and the homeliness comfort of the room,Room service is over priced,Room service is over priced. i liked the friendliness of the staff and the homeliness comfort of the room.
r0172,515515,2016-07-26,Austria,5.0,mixed,negative,The room surface is big enough for 3 persons,The neighborhood is really not a nice area We had a triple room which was sold as a room with double bed and a single bed At the end the single bed was a few sofa cushions on a wood board The long corridors at the 4th floor gave me the feeling of being in a hospital Definitely not worth 4 stars,The neighborhood is really not a nice area We had a triple room which was sold as a room with double bed and a single bed At the end the single bed was a few sofa cushions on a wood board The long corridors at the 4th floor gave me the feeling of being in a hospital Definitely not worth 4 stars. The room surface is big enough for 3 persons.
r0173,245237,2016-10-02,France,7.5,mixed,negative,Staff was helpful and the location was convenient,Wash basin was awuful asthetic design but not functional and looks dirty,Wash basin was awuful asthetic design but not functional and looks dirty. Staff was helpful and the location was convenient.
r0174,128574,2016-09-25,United Kingdom,7.5,mixed,negative,Great Air con for summer Very close to Paddington and walking distance to Albert Hall,Rooms very small and almost unpractical,Rooms very small and almost unpractical. Great Air con for summer Very close to Paddington and walking distance to Albert Hall.
r0175,173556,2016-05-31,United Kingdom,10.0,mixed,negative,Its was great,I asked for receipt but they didn t send one,I asked for receipt but they didn t send one. Its was great.
r0176,477757,2016-02-14,Italy,8.8,mixed,positive,Facility is modern and attractive Very well operated Off season pricing made it an excellent value,Room was a little warm even after adjusting thermostat down Not a major issue,Facility is modern and attractive Very well operated Off season pricing made it an excellent value. Room was a little warm even after adjusting thermostat down Not a major issue.
r0177,279342,2016-05-15,Spain,7.1,mixed,positive,Pleasant friendly staff lovely spa,Hotel rooms and corridors looking a bit tired not a 4star,Pleasant friendly staff lovely spa. Hotel rooms and corridors looking a bit tired not a 4star.
r0178,350304,2016-07-26,Netherlands,7.9,mixed,negative,Only Mr Ahmed was kindly,Nobody helped me to move my luggage to up stairs,Nobody helped me to move my luggage to up stairs. Only Mr Ahmed was kindly.
r0179,160601,2016-01-22,United Kingdom,8.8,mixed,negative,Really happy staff and helpful,Bit noisey air conditioner Shower head to close to wall Menu very small in scoff and banter,Bit noisey air conditioner Shower head to close to wall Menu very small in scoff and banter. Really happy staff and helpful.
r0180,38778,2016-03-12,United Kingdom,8.3,mixed,positive,Comfy beds great breakfast selection Fresh fruit in the room on the 2nd night,Our sofa bed for the children wasn t out and we had to get the bedding and make it ourselves,Comfy beds great breakfast selection Fresh fruit in the room on the 2nd night. Our sofa bed for the children wasn t out and we had to get the bedding and make it ourselves.
r0181,493188,2016-10-25,Italy,8.8,mixed,positive,Well equipped room and the bed was extremely comfortable The bed linen was top quality which added to the comfort The room was spotless,Housekeeping need training Every day we had to request replenishment of milk which should be automatic The steam room was nowhere near the right temperature and the pool is cramped if more than 3 people attempt to swim There are cheaper and good quality restaurants nearby as the hotel restaurant and bar are expensive,Well equipped room and the bed was extremely comfortable The bed linen was top quality which added to the comfort The room was spotless. Housekeeping need training Every day we had to request replenishment of milk which should be automatic The steam room was nowhere near the right temperature and the pool is cramped if more than 3 people attempt to swim There are cheaper and good quality restaurants nearby as the hotel restaurant and bar are expensive.
r0182,502301,2016-08-08,Austria,7.9,mixed,negative,Location was perfect breakfast variety was good and the room was big and comfortable,At first night we found the big insect in our room,At first night we found the big insect in our room. Location was perfect breakfast variety was good and the room was big and comfortable.
r0183,27607,2016-02-02,United Kingdom,9.6,mixed,negative,Clean and quiet room Nice breakfast Excellent staff Good location for our purposes,Bathroom a little small Long corridor and not enough lifts,Bathroom a little small Long corridor and not enough lifts. Clean and quiet room Nice breakfast Excellent staff Good location for our purposes.
r0184,247807,2016-02-28,United Kingdom,7.9,mixed,negative,The bed was very comfortable and room was very modern for us,Would have preferred a room with a better view but didn t matter too much Would have liked a few extra pillows,Would have preferred a room with a better view but didn t matter too much Would have liked a few extra pillows. The bed was very comfortable and room was very modern for us.
r0185,106728,2016-12-01,France,9.6,mixed,positive,The location was amazing close to all the areas we wanted to go to The concierge was incredible helpful and suggested some great places to dine,Liked it all,The location was amazing close to all the areas we wanted to go to The concierge was incredible helpful and suggested some great places to dine. Liked it all.
r0186,38634,2016-12-08,United Kingdom,6.7,mixed,negative,Breakfasts were awesome and staff was very attentive However if I had booked direct breakfast would have been free As it was we had to pay 20 pounds for breakfast every day,Double bed barely fit into very tiny room Space was cramped Heating unit had mind of its own and did not regulate temp correctly We feel room was overpriced for a renovated building that was noisy,Double bed barely fit into very tiny room Space was cramped Heating unit had mind of its own and did not regulate temp correctly We feel room was overpriced for a renovated building that was noisy. Breakfasts were awesome and staff was very attentive However if I had booked direct breakfast would have been free As it was we had to pay 20 pounds for breakfast every day.
r0187,391536,2016-01-03,Netherlands,10.0,mixed,negative,I would say that for new year we spend a lovely time in this hotel we was a group and we are ao glad that we choose this hotel especially the staff are ao nice when they are working on new year there is facilities everywhere starbuck loung and skylounge,the Bad point the wifi always not working and when you reserved is the most they should to put a password for the internet,the Bad point the wifi always not working and when you reserved is the most they should to put a password for the internet. I would say that for new year we spend a lovely time in this hotel we was a group and we are ao glad that we choose this hotel especially the staff are ao nice when they are working on new year there is facilities everywhere starbuck loung and skylounge.
r0188,13818,2016-02-08,United Kingdom,5.8,mixed,positive,The bedroom was okay but only marginally better than local competitors bed was reasonably comfortable The food was very good and excellent variety of eating facilities and a decent menu to support Breakfast was well managed Other facilities in the hotel internet caf gym etc were very good,Found the staff frosty at times and constantly talking between themselves one other guest commented he had been interrupted three times ordering from the bar Check in was reasonably quick but having an I pad check in to speed things up looks a little daft when you have to be taken to 4 chip and pins devices to find one that works Bathroom was very clean but not great when the door doesn t really close the bath shower was a bit disappointing,The bedroom was okay but only marginally better than local competitors bed was reasonably comfortable The food was very good and excellent variety of eating facilities and a decent menu to support Breakfast was well managed Other facilities in the hotel internet caf gym etc were very good. Found the staff frosty at times and constantly talking between themselves one other guest commented he had been interrupted three times ordering from the bar Check in was reasonably quick but having an I pad check in to speed things up looks a little daft when you have to be taken to 4 chip and pins devices to find one that works Bathroom was very clean but not great when the door doesn t really close the bath shower was a bit disappointing.
r0189,496956,2016-05-15,Italy,7.9,mixed,negative,The buffet breakfast was very good and the employees was so nice,The size of the rooms are so small and it s not suitable for a double bed room,The size of the rooms are so small and it s not suitable for a double bed room. The buffet breakfast was very good and the employees was so nice.
r0190,111584,2016-12-05,United Kingdom,6.3,mixed,negative,Thought the room and hotel looked lovely The overall room size was good although the beds were quite uncomfortable and small,Was very disappointed with the lack of communication on usage of the leisure facilities with children Children can only use the pool for thirty minutes a day on a weekend This is crazy given it sells itself as a family hotel We also found the restaurants stuffy for children It seened like the hotel cared more about the people using the restaurant from outside of the hotel than the residents of the hotel itself Although the rooms were very comfortable in size the size of the beds were far too small and the mattresses were hard,Was very disappointed with the lack of communication on usage of the leisure facilities with children Children can only use the pool for thirty minutes a day on a weekend This is crazy given it sells itself as a family hotel We also found the restaurants stuffy for children It seened like the hotel cared more about the people using the restaurant from outside of the hotel than the residents of the hotel itself Although the rooms were very comfortable in size the size of the beds were far too small and the mattresses were hard. Thought the room and hotel looked lovely The overall room size was good although the beds were quite uncomfortable and small.
r0191,390079,2016-08-29,United Kingdom,4.6,mixed,positive,It had a nice view of the docks,We had to upgrade to get a double bed because they said they were full and because we had booked through a third party and not direct with them they were not obliged to fulfill our request Staff were not friendly and I like to see front of desk staff in smart clothes not jeans and t shirts,It had a nice view of the docks. We had to upgrade to get a double bed because they said they were full and because we had booked through a third party and not direct with them they were not obliged to fulfill our request Staff were not friendly and I like to see front of desk staff in smart clothes not jeans and t shirts.
r0192,504769,2016-10-25,United Kingdom,8.3,mixed,negative,Did not have breakfast,I wished the late night menu was more extensive When you are visiting a city for a few days you usually pack in a lot of activities so if you come back to the hotel after the dining is closed for the night and are looking for food you want a nice menu to choose from The limited menu was not up to expectations,I wished the late night menu was more extensive When you are visiting a city for a few days you usually pack in a lot of activities so if you come back to the hotel after the dining is closed for the night and are looking for food you want a nice menu to choose from The limited menu was not up to expectations. Did not have breakfast.
r0193,333266,2016-08-17,United Kingdom,8.8,mixed,negative,4years staying in the cumberland I liked it All the staf are nuce Fernando and sara are the most helpful and welcome me All the managers r nice The supervisor loredano of houskeeping and karolin are good in their job and most helpful Also the concierge jack and martin and henrick All the people are nice and help and welcom us Security is good also,This time i waited a long time untill my room was prepared No complementary fruit or chocolates for being arrived Staff i think are few cause when concierge r busy no service and we have to wait for a long time My friend also suffered this when she moved from room to another Hope get more people to work when its season,This time i waited a long time untill my room was prepared No complementary fruit or chocolates for being arrived Staff i think are few cause when concierge r busy no service and we have to wait for a long time My friend also suffered this when she moved from room to another Hope get more people to work when its season. 4years staying in the cumberland I liked it All the staf are nuce Fernando and sara are the most helpful and welcome me All the managers r nice The supervisor loredano of houskeeping and karolin are good in their job and most helpful Also the concierge jack and martin and henrick All the people are nice and help and welcom us Security is good also.
r0194,379077,2016-06-15,Austria,9.6,mixed,negative,Rooms Beds Gym Bar Hotel next to Mariahliferstrasse,Breakfast 13 a little bit expensive Internet should be free,Breakfast 13 a little bit expensive Internet should be free. Rooms Beds Gym Bar Hotel next to Mariahliferstrasse.
r0195,408503,2016-03-01,Italy,7.5,mixed,positive,Nice room pleasant little health center with sauna steambath and unexpected chromoterapy with Himalayan salt Convenient location,Breakfast is poor No fresh fruits apart from apples no veggies very limited choice of cheese no fish Not a 4 star at all,Nice room pleasant little health center with sauna steambath and unexpected chromoterapy with Himalayan salt Convenient location. Breakfast is poor No fresh fruits apart from apples no veggies very limited choice of cheese no fish Not a 4 star at all.
r0196,394305,2016-08-18,Spain,9.6,mixed,positive,The atmosphere was great The hotel is beautiful and has everything that you need Very cosy and modern Friendly staff and the roomservice was good also,WiFi connection could have been better but that s all,The atmosphere was great The hotel is beautiful and has everything that you need Very cosy and modern Friendly staff and the roomservice was good also. WiFi connection could have been better but that s all.
r0197,373557,2016-05-29,Spain,5.4,mixed,negative,Roof top terrace pool bar and bar food Jordi Galbas on reception was very helpful,Not really 4 star We had executive double where we just had a kettle with no cups or tea and coffee,Not really 4 star We had executive double where we just had a kettle with no cups or tea and coffee. Roof top terrace pool bar and bar food Jordi Galbas on reception was very helpful.
r0198,470233,2016-04-05,Italy,10.0,mixed,positive,Practically everything Great location within walking distance of major sights Very friendly and helpful staff Clean and very modern hotel Great breakfast Nice touches such as chocolates in the evening,Just to nitpick body lotion and shower gel were not the best ever,Practically everything Great location within walking distance of major sights Very friendly and helpful staff Clean and very modern hotel Great breakfast Nice touches such as chocolates in the evening. Just to nitpick body lotion and shower gel were not the best ever.
r0199,257961,2016-11-06,United Kingdom,9.6,mixed,negative,Location cleanliness staff and balcony,No tea and coffee facilities in the room,No tea and coffee facilities in the room. Location cleanliness staff and balcony.
r0200,481981,2016-11-08,Italy,7.9,mixed,negative,This hotel was a little bit out of the middle of the city say 20 minute walk but there was public transport into town Close by shops if you are into shopping Close by the main railway station 10 minute close walk Breakfast was included when we stayed Street was not noisy,Air conditioning would not go down to cool and therefore the room was too hot for me but my wife found it OK Small shower size as compared to what we have at home but it was OK,Air conditioning would not go down to cool and therefore the room was too hot for me but my wife found it OK Small shower size as compared to what we have at home but it was OK. This hotel was a little bit out of the middle of the city say 20 minute walk but there was public transport into town Close by shops if you are into shopping Close by the main railway station 10 minute close walk Breakfast was included when we stayed Street was not noisy.
r0201,171500,2016-10-13,United Kingdom,10.0,mixed,negative,Location friendly staff recognise us as loyalty client,Only one elevator operating,Only one elevator operating. Location friendly staff recognise us as loyalty client.
r0202,8783,2016-11-19,United Kingdom,9.2,mixed,positive,staff really helpful clean and tidy,as i booked online well in advance the cost of the room was held on my debit card i paid by credit card but am still waiting for the amount stopped on my debit card to be unblocked iwas told it would be credit straight away dont think this should happen as i am not rich and need every penny so i am without funds at this time because of this,staff really helpful clean and tidy. as i booked online well in advance the cost of the room was held on my debit card i paid by credit card but am still waiting for the amount stopped on my debit card to be unblocked iwas told it would be credit straight away dont think this should happen as i am not rich and need every penny so i am without funds at this time because of this.
r0203,279516,2016-12-06,Spain,7.5,mixed,positive,the staff were helpful,The room was above a nightclub so I was awake most of the night because there were people making a lot of noise outside we had to move rooms our selves the next morning i think they should have sent someone to help as we were late for our business meeting,the staff were helpful. The room was above a nightclub so I was awake most of the night because there were people making a lot of noise outside we had to move rooms our selves the next morning i think they should have sent someone to help as we were late for our business meeting.
r0204,328800,2016-04-07,Spain,7.9,mixed,negative,Location was excellent 2 mins to metro 5 mins to Las Rambla The staff accommodated change of room request without issue Bag storage on last day was very helpful Rooms have Nespresso machine which is a nice touch,Smell of smoke in some rooms but we were able to change room The breakfast could have been a bit better,Smell of smoke in some rooms but we were able to change room The breakfast could have been a bit better. Location was excellent 2 mins to metro 5 mins to Las Rambla The staff accommodated change of room request without issue Bag storage on last day was very helpful Rooms have Nespresso machine which is a nice touch.
r0205,327146,2016-08-26,United Kingdom,8.8,mixed,positive,Comfortable bed Location to restaurants,Noise from street traffic Air con is not a desk fan,Comfortable bed Location to restaurants. Noise from street traffic Air con is not a desk fan.
r0206,109189,2016-11-28,United Kingdom,10.0,mixed,positive,The staff was very friendly and professional,The bar prices were too high,The staff was very friendly and professional. The bar prices were too high.
r0207,169527,2016-07-19,United Kingdom,10.0,mixed,positive,Bed is good well slept Breakfast is good spread we enjoyed it Location is convenient,Gym should be bigger space to workout,Bed is good well slept Breakfast is good spread we enjoyed it Location is convenient. Gym should be bigger space to workout.
r0208,44189,2016-06-30,United Kingdom,10.0,mixed,negative,The location was excellent The British Museum is within walking distance close to Theatres and many restaurants The nearest Underground entrance exit was only a few short blocks away Our room was very nice as per their online advertisement clean and quiet Staff are lovely and very helpful during our 8 day stay They kept our luggage to ensure we enjoyed our last day and arranged a cab to take us to Heathrow,Bar adjacent to hotel service was poor and the same drinks served on different nights varied in quality despite being the same bar man However the restaurant food and service was consistently great and good value for money,Bar adjacent to hotel service was poor and the same drinks served on different nights varied in quality despite being the same bar man However the restaurant food and service was consistently great and good value for money. The location was excellent The British Museum is within walking distance close to Theatres and many restaurants The nearest Underground entrance exit was only a few short blocks away Our room was very nice as per their online advertisement clean and quiet Staff are lovely and very helpful during our 8 day stay They kept our luggage to ensure we enjoyed our last day and arranged a cab to take us to Heathrow.
r0209,230028,2016-11-20,United Kingdom,7.5,mixed,positive,Front of house staff excellent Friendly helpful and talkative Superb,A bit noisy and rooms a bit dated,Front of house staff excellent Friendly helpful and talkative Superb. A bit noisy and rooms a bit dated.
r0210,271307,2016-10-17,Netherlands,8.8,mixed,positive,Lovely modern helpful staff nothing was too much trouble,Very expensive 300 for one night I booked for Amsterdam marathon as it was near the start and finish line for this reason perhaps the price was over inflated As nice as it was 300 was rather steep,Lovely modern helpful staff nothing was too much trouble. Very expensive 300 for one night I booked for Amsterdam marathon as it was near the start and finish line for this reason perhaps the price was over inflated As nice as it was 300 was rather steep.
r0211,445622,2016-12-08,Austria,9.2,mixed,negative,Modern hotel comfortable large quiet room fairly good restaurant nice personnel,Location is a bit far from the center The U bahn is 10 15 min walking distance from the hotel No good restaurant at walking distance A bit too many large tourist groups using the facility,Location is a bit far from the center The U bahn is 10 15 min walking distance from the hotel No good restaurant at walking distance A bit too many large tourist groups using the facility. Modern hotel comfortable large quiet room fairly good restaurant nice personnel.
r0212,194245,2016-02-17,United Kingdom,7.1,mixed,positive,Good communal areas Comfortable beds with lovely linen and pillows,Rooms are quite small and some traffic noise,Good communal areas Comfortable beds with lovely linen and pillows. Rooms are quite small and some traffic noise.
r0213,357985,2016-07-30,United Kingdom,7.1,mixed,negative,Good choice for breakfast,No air con in rooms Noisy at night Much preferred the room at the front of the building on previous visit,No air con in rooms Noisy at night Much preferred the room at the front of the building on previous visit. Good choice for breakfast.
r0214,67137,2016-10-07,United Kingdom,9.6,mixed,negative,Even got an upgrade to a higher floor,Swimming pool was under maintenance,Swimming pool was under maintenance. Even got an upgrade to a higher floor.
r0215,49878,2016-06-30,United Kingdom,7.1,mixed,negative,Rooms nice and clean Great location to the tube,we had to ask questions re wifi what times breakfast etc Basic information not given Had to move room as they placed us by the lift that s was very very noisy Breakfast not great Food cold and had to keep asking as they kept running out and never replacing Overall this doesn t upset our visit to London,we had to ask questions re wifi what times breakfast etc Basic information not given Had to move room as they placed us by the lift that s was very very noisy Breakfast not great Food cold and had to keep asking as they kept running out and never replacing Overall this doesn t upset our visit to London. Rooms nice and clean Great location to the tube.
r0216,288085,2016-12-18,United Kingdom,8.3,mixed,positive,Excellent location and comfortable bed,Bathroom ridiculously small,Excellent location and comfortable bed. Bathroom ridiculously small.
r0217,71444,2016-09-20,France,6.7,mixed,positive,Comfy beds and good service,Terrible food and paper cups in room As a family of 5 it was poor value as we had to have 2 rooms,Comfy beds and good service. Terrible food and paper cups in room As a family of 5 it was poor value as we had to have 2 rooms.
r0218,238033,2016-12-15,United Kingdom,6.7,mixed,positive,Breakfast all except the rooms,Bathroom is old style and sober I prefer a real TV iso a mac with TV functions which were not working,Breakfast all except the rooms. Bathroom is old style and sober I prefer a real TV iso a mac with TV functions which were not working.
r0219,252180,2016-04-12,United Kingdom,8.3,mixed,negative,The location traveling by Eurostar it s super convenient We appreciated having a slightly later check out,We ve stayed before and we ll stay again but unfortunately the building work going on meant the usual Wesley hotel charm is rather hidden at the moment,We ve stayed before and we ll stay again but unfortunately the building work going on meant the usual Wesley hotel charm is rather hidden at the moment. The location traveling by Eurostar it s super convenient We appreciated having a slightly later check out.
r0220,132717,2016-12-19,United Kingdom,7.1,mixed,negative,The location was good from a tourist point of view There was a caution prior to booking with regards street noise and live music,With imagination the Breakfast could just about be classed as Continental however the welcome at breakfast was Luke warm at best the replenishment of items poor and the clearing of tables almost non existent those that were cleared of plates were not wiped,With imagination the Breakfast could just about be classed as Continental however the welcome at breakfast was Luke warm at best the replenishment of items poor and the clearing of tables almost non existent those that were cleared of plates were not wiped. The location was good from a tourist point of view There was a caution prior to booking with regards street noise and live music.
r0221,324154,2016-11-10,Netherlands,9.6,mixed,positive,The reception staff were exceptionally nice and the options at breakfast were very good The room was spacious with everything we needed There was a nice walk along the river into town We were given the choice of and chose a quiet room which was very peaceful,The hotel was some distance from the town centre but to be fair there was a metro station nearby,The reception staff were exceptionally nice and the options at breakfast were very good The room was spacious with everything we needed There was a nice walk along the river into town We were given the choice of and chose a quiet room which was very peaceful. The hotel was some distance from the town centre but to be fair there was a metro station nearby.
r0222,193806,2016-08-24,United Kingdom,9.2,mixed,positive,Clean very comfortable bed great turn down service efficient friendly staff Quiet room able to open a window bliss Fabulous steam room with adequate pool,Since it was meant to be a double room two armchairs should be provided no offer of a Sunday newspaper a fridge instead of the well stocked mini bar would be better too Tiniest bathroom ever seen although everything you could want is provided,Clean very comfortable bed great turn down service efficient friendly staff Quiet room able to open a window bliss Fabulous steam room with adequate pool. Since it was meant to be a double room two armchairs should be provided no offer of a Sunday newspaper a fridge instead of the well stocked mini bar would be better too Tiniest bathroom ever seen although everything you could want is provided.
r0223,377834,2016-12-24,Austria,5.8,mixed,negative,The rooms Good space and very comfortable,We had to ask in order to clean our room I had to pay a fortune for a super overrated breakfast We did not book on line which is fair enough however they could let us know in advance about the price,We had to ask in order to clean our room I had to pay a fortune for a super overrated breakfast We did not book on line which is fair enough however they could let us know in advance about the price. The rooms Good space and very comfortable.
r0224,494327,2016-07-12,Italy,8.8,mixed,positive,Room size bathroom style size equipments bed flat tv minibar with sparkle water delicious breakfast with gluten free options,It would be great with a spa or a swimmingpool We tried to go on the roof terrasse each day but it was always closed we were desapointed,Room size bathroom style size equipments bed flat tv minibar with sparkle water delicious breakfast with gluten free options. It would be great with a spa or a swimmingpool We tried to go on the roof terrasse each day but it was always closed we were desapointed.
r0225,215995,2016-12-31,United Kingdom,8.8,mixed,negative,Its been 3rd time staying at the premises The 1st and 2nd were superb The receptionists were always courteous and helpful,I was surprised by the facts the receptionist female rep I had over the phone prior to our arrival around 12ish was pretty blunt and unprofessional No name mentioned and no professional greeting less courteous We were calling in to know the possibility to check in early and even I asked for that politely given all the guests names and she was just shouting out loud When it comes to hospitality industry member of staff needs to be friendly as well as professional it was far cry from our ideal picture of the previous stays,I was surprised by the facts the receptionist female rep I had over the phone prior to our arrival around 12ish was pretty blunt and unprofessional No name mentioned and no professional greeting less courteous We were calling in to know the possibility to check in early and even I asked for that politely given all the guests names and she was just shouting out loud When it comes to hospitality industry member of staff needs to be friendly as well as professional it was far cry from our ideal picture of the previous stays. Its been 3rd time staying at the premises The 1st and 2nd were superb The receptionists were always courteous and helpful.
r0226,53465,2016-01-25,United Kingdom,10.0,mixed,positive,The Breakfast is very good,The view of the room and then I asked if I can change it but again I was not happy,The Breakfast is very good. The view of the room and then I asked if I can change it but again I was not happy.
r0227,269245,2016-08-11,Spain,9.2,mixed,negative,Excellent breakfast Lovely comfy beds,No service in pool area,No service in pool area. Excellent breakfast Lovely comfy beds.
r0228,38032,2016-11-22,France,10.0,mixed,negative,Staff very nice and helpful Second time in this hotel will definitely be more,breakfast was not great at all,breakfast was not great at all. Staff very nice and helpful Second time in this hotel will definitely be more.
r0229,58140,2016-06-03,United Kingdom,8.8,mixed,positive,Good breakfast and lovely spa and pool Great shower and comfy bed,The tablet screens never fully shut off so I had to use the menus etc to fashion a screen so I could get to sleep Not enough hooks in the spa to hang your robe lots of people had to put theirs on the floor so surely they would get wet,Good breakfast and lovely spa and pool Great shower and comfy bed. The tablet screens never fully shut off so I had to use the menus etc to fashion a screen so I could get to sleep Not enough hooks in the spa to hang your robe lots of people had to put theirs on the floor so surely they would get wet.
r0230,455076,2016-12-02,United Kingdom,9.2,mixed,negative,Clean and comfortable,The shower pressure is too weak and water too little,The shower pressure is too weak and water too little. Clean and comfortable.
r0231,262337,2016-05-21,France,9.6,mixed,positive,Service was great room was amazing and the location was ideal It was never far from the metro It was just around the corner from the Hans Zimmer concert which was the main reason for the stay 5 minute walk to the venue,If you re a big person you might find the rooms a little small,Service was great room was amazing and the location was ideal It was never far from the metro It was just around the corner from the Hans Zimmer concert which was the main reason for the stay 5 minute walk to the venue. If you re a big person you might find the rooms a little small.
r0232,252226,2016-02-09,United Kingdom,7.1,mixed,negative,I like the idea of the hotel being a social enterprise Also the location,The breakfast is now 15 That s way over the top when you re paying almost 170 for a room When I was there the dining area was being refurbished so I balked at paying 15 for breakfast in a near building site,The breakfast is now 15 That s way over the top when you re paying almost 170 for a room When I was there the dining area was being refurbished so I balked at paying 15 for breakfast in a near building site. I like the idea of the hotel being a social enterprise Also the location.
r0233,259460,2016-04-03,France,9.6,mixed,positive,Excellent location friendly staff nice continental breakfast,The bathroom with a glass wall,Excellent location friendly staff nice continental breakfast. The bathroom with a glass wall.
r0234,334317,2016-04-14,United Kingdom,10.0,mixed,negative,They provide a good service in all aspects Keep up the good work,The wifi strength at the floor we were staying was poor But nothing else,The wifi strength at the floor we were staying was poor But nothing else. They provide a good service in all aspects Keep up the good work.
r0235,443480,2016-07-28,United Kingdom,7.5,mixed,positive,Tv channels clear and varied Air conditioning a great relief,Long delay in responding to phone by reception guest services,Tv channels clear and varied Air conditioning a great relief. Long delay in responding to phone by reception guest services.
r0236,504668,2016-11-28,United Kingdom,9.2,mixed,negative,Hotel and room was beautiful breakfast was lovely,Bed was a little hard and gave me back pain I am only 23 Receptionist failed to tell us they hold an extra charge of 50 on your card which led me to a little panic when I checked my bank I would also be careful of the mini fridges as you get automatically charged when something is moved This is a little annoying as I bought a couple of drinks I planned to put in there but couldn t,Bed was a little hard and gave me back pain I am only 23 Receptionist failed to tell us they hold an extra charge of 50 on your card which led me to a little panic when I checked my bank I would also be careful of the mini fridges as you get automatically charged when something is moved This is a little annoying as I bought a couple of drinks I planned to put in there but couldn t. Hotel and room was beautiful breakfast was lovely.
r0237,253128,2016-10-18,United Kingdom,8.8,mixed,negative,Very comfy bed Well designed rooms with plenty of well situated power points Good shower and places to put things in bathroom Great buzz and activity in the downstairs area Easy to get taxis or buses in the road outside the hotel and only a few minutes from tube Proximity to good restaurants,Kettle in room was not working and this was reported on the first day of our stay but nothing done to rectify situation,Kettle in room was not working and this was reported on the first day of our stay but nothing done to rectify situation. Very comfy bed Well designed rooms with plenty of well situated power points Good shower and places to put things in bathroom Great buzz and activity in the downstairs area Easy to get taxis or buses in the road outside the hotel and only a few minutes from tube Proximity to good restaurants.
r0238,282911,2016-03-31,Spain,10.0,mixed,positive,Everything about the hotel was perfect easy location helpful staff clean rooms Shampoo conditioner and soaps provided every day complimentary water Beautiful pool and outside sitting area,We did not really dislike anything,Everything about the hotel was perfect easy location helpful staff clean rooms Shampoo conditioner and soaps provided every day complimentary water Beautiful pool and outside sitting area. We did not really dislike anything.
r0239,29223,2016-11-20,United Kingdom,10.0,mixed,negative,Near to train station and also clean,Room a bit small,Room a bit small. Near to train station and also clean.
r0240,139942,2016-07-12,United Kingdom,9.6,mixed,negative,Bed sheets were so soft and staff were great The cookie given by reception was delicious,Speakers of the imac was located under the counter Our baby boy was interested in it and wanted to play with it we stopped him It would be better if it was located another place,Speakers of the imac was located under the counter Our baby boy was interested in it and wanted to play with it we stopped him It would be better if it was located another place. Bed sheets were so soft and staff were great The cookie given by reception was delicious.
r0241,390004,2016-12-20,United Kingdom,7.1,mixed,negative,The room was clean bed was comfy,Bathroom door stuck and i was locked in on arrival not enough tea coffee milk for two people bathroom light shines in to bedroom arear through glass,Bathroom door stuck and i was locked in on arrival not enough tea coffee milk for two people bathroom light shines in to bedroom arear through glass. The room was clean bed was comfy.
r0242,290311,2016-11-28,United Kingdom,8.8,mixed,negative,Fantastic bedroom and hotel was spotlessly clean Nice bar,The check in area lacked substance and an identity Staff were very friendly but the surrounding area was boring No nice vases of flowers just had no ambience at all,The check in area lacked substance and an identity Staff were very friendly but the surrounding area was boring No nice vases of flowers just had no ambience at all. Fantastic bedroom and hotel was spotlessly clean Nice bar.
r0243,67316,2016-08-23,United Kingdom,7.5,mixed,positive,The room was incredible and the view was just as awesome,There wasn t much detail on the site about the room facilities,The room was incredible and the view was just as awesome. There wasn t much detail on the site about the room facilities.
r0244,287624,2016-09-27,United Kingdom,6.7,mixed,negative,Close to theatre,Dull room vey basic for the price,Dull room vey basic for the price. Close to theatre.
r0245,56433,2016-07-22,United Kingdom,8.3,mixed,positive,Hotel in a good location opposite Kensington gardens easy access into the city Restaurant food was good and a varied menu,Small room Poor lighting in the bathroom Room 235 the TV is at the side of the bed and almost impossible to view from that position,Hotel in a good location opposite Kensington gardens easy access into the city Restaurant food was good and a varied menu. Small room Poor lighting in the bathroom Room 235 the TV is at the side of the bed and almost impossible to view from that position.
r0246,41576,2016-01-19,France,8.3,mixed,positive,Clean modern hotel close to Gare de l est wonderful shower Good breakfast facilities Very friendly staff Unique small movie theatre,Not enough space for luggage in very small rooms Very few English cable channels and limited movie selection,Clean modern hotel close to Gare de l est wonderful shower Good breakfast facilities Very friendly staff Unique small movie theatre. Not enough space for luggage in very small rooms Very few English cable channels and limited movie selection.
r0247,257388,2016-08-20,United Kingdom,7.1,mixed,negative,The staff are helpful and friendly Ms Karen particularly made our stay memorable,The air conditioning in the room fluctuated from very cold to warm despite it being kept at the same constant temperature,The air conditioning in the room fluctuated from very cold to warm despite it being kept at the same constant temperature. The staff are helpful and friendly Ms Karen particularly made our stay memorable.
r0248,39040,2016-10-12,United Kingdom,9.2,mixed,negative,Great location within walking distance to Lancaster Gate Tube bus stop and Hyde Park,Rooms were slightly small but not bad for London standards,Rooms were slightly small but not bad for London standards. Great location within walking distance to Lancaster Gate Tube bus stop and Hyde Park.
r0249,190656,2016-05-17,United Kingdom,6.7,mixed,positive,Helpful staff very friendly and helpful Location great,Bathrooms needed updating shower very poor and noisy More gluten free food at breakfast gluten free cornflakes were on the menu but none available could be better,Helpful staff very friendly and helpful Location great. Bathrooms needed updating shower very poor and noisy More gluten free food at breakfast gluten free cornflakes were on the menu but none available could be better.
r0250,400052,2016-05-29,Spain,9.2,mixed,positive,Amazing Location and very good hotel in all aspects I liked a lot the perfume samples provided on the bed every night Also the welcoming water and chocolate box were very nice,Always have to ask for complimentary water very small supply was provided,Amazing Location and very good hotel in all aspects I liked a lot the perfume samples provided on the bed every night Also the welcoming water and chocolate box were very nice. Always have to ask for complimentary water very small supply was provided.
r0251,464996,2016-10-15,Austria,9.6,mixed,negative,Great location Very helpful staff at the reception,Small room Expected to be bigger and the courtyard view was not really a view,Small room Expected to be bigger and the courtyard view was not really a view. Great location Very helpful staff at the reception.
r0252,250153,2016-04-26,France,8.8,mixed,positive,Staff were caring and helpful Location good good sized rooms with nice ambience,The coffee Although cappuccino was better It would be very nice to have a little coffee machine in the room to make a decent cup of coffee,Staff were caring and helpful Location good good sized rooms with nice ambience. The coffee Although cappuccino was better It would be very nice to have a little coffee machine in the room to make a decent cup of coffee.
r0253,18556,2016-07-04,United Kingdom,8.3,mixed,negative,Kitchen very convenient Good security needed room card for hall floor and elevator access Really nice staff,Pillows could be upgraded A C a bit weak,Pillows could be upgraded A C a bit weak. Kitchen very convenient Good security needed room card for hall floor and elevator access Really nice staff.
r0254,353415,2016-12-20,Austria,7.9,mixed,negative,I like the location people work there are kind and nice specially girls,they did not change sheets cover every day which is annoying me,they did not change sheets cover every day which is annoying me. I like the location people work there are kind and nice specially girls.
r0255,115958,2016-09-20,United Kingdom,7.5,mixed,negative,Lovely swimming pool very relaxing,Mattresses were stained and slightly smelly,Mattresses were stained and slightly smelly. Lovely swimming pool very relaxing.
r0256,141164,2016-12-19,United Kingdom,8.3,mixed,positive,Maybe the price is a little excessive but it was the best nights sleep I had gotten in ages Room was a little small and compact but cant complain otherwise,Rooms could of been a bit more spacious we had a struggle to get in the door with a suitcase,Maybe the price is a little excessive but it was the best nights sleep I had gotten in ages Room was a little small and compact but cant complain otherwise. Rooms could of been a bit more spacious we had a struggle to get in the door with a suitcase.
r0257,394319,2016-07-10,Spain,5.8,mixed,negative,Close to Olympic port 10 minutes by foot and city center of barcelona through metropolitan,Small swimming pool area most of time crowded Neighborhood of the hotel not really nice Staff not always nice with guests,Small swimming pool area most of time crowded Neighborhood of the hotel not really nice Staff not always nice with guests. Close to Olympic port 10 minutes by foot and city center of barcelona through metropolitan.
r0258,188130,2016-08-30,United Kingdom,10.0,mixed,positive,Very comfortable bed and friendly staff Room was tidy and clean and the bed was turned down for us,Shower water pressure could have been better The waterfall shower had almost no pressure and the handheld shower wasn t much better Also the water temperature didn t seem to be easily adjustable Not too much of an issue as it was warm at least,Very comfortable bed and friendly staff Room was tidy and clean and the bed was turned down for us. Shower water pressure could have been better The waterfall shower had almost no pressure and the handheld shower wasn t much better Also the water temperature didn t seem to be easily adjustable Not too much of an issue as it was warm at least.
r0259,87095,2016-09-24,France,9.2,mixed,positive,Rooms the pool and the Spa,Lack of Sun Loungers,Rooms the pool and the Spa. Lack of Sun Loungers.
r0260,400588,2016-07-07,Spain,9.2,mixed,positive,The reception staff were extremely helpful The serving staff at the bar were excellent as were the staff at breakfast,The bed was very hard The toilet wasn t very private in the room,The reception staff were extremely helpful The serving staff at the bar were excellent as were the staff at breakfast. The bed was very hard The toilet wasn t very private in the room.
r0261,493405,2016-10-23,Italy,7.9,mixed,negative,Quiet location not to far from the metro station,The hotel decoration too retro but probably intended to be baroque,The hotel decoration too retro but probably intended to be baroque. Quiet location not to far from the metro station.
r0262,275036,2016-06-03,Austria,4.2,mixed,positive,The front desk staff was extremely helpful But the staff at breakfast service seemed very unhappy and they were late We waited for 20 minutes for a lukewarm coffee Poor selection of breakfast items Really very poor arrangements of breakfast tables and chairs Too tight,The buggy service which was provided for free,The front desk staff was extremely helpful But the staff at breakfast service seemed very unhappy and they were late We waited for 20 minutes for a lukewarm coffee Poor selection of breakfast items Really very poor arrangements of breakfast tables and chairs Too tight. The buggy service which was provided for free.
r0263,289760,2016-03-06,United Kingdom,9.2,mixed,positive,Under floor heating in bathroom and many pillows to choose from,I found it hard to get some of the technology in the room to function Still it was nice to have so many options Very poor view as my room was not river facing,Under floor heating in bathroom and many pillows to choose from. I found it hard to get some of the technology in the room to function Still it was nice to have so many options Very poor view as my room was not river facing.
r0264,278124,2016-05-20,Spain,7.9,mixed,positive,The breakfast was very good,We had a terrible bar tender but I think he must of been in training The hotel room was also a bit tired need some touch up work,The breakfast was very good. We had a terrible bar tender but I think he must of been in training The hotel room was also a bit tired need some touch up work.
r0265,13782,2016-03-14,United Kingdom,3.8,mixed,negative,Not much it is close to Hammersmith tube station and bus station,It is a bit far from everything really big building with no pleasant atmosphere rather small rooms with very basic equipment The bathroom was small the toilet did not work properly and staff was not very helpful I came here because it was close to my meeting point,It is a bit far from everything really big building with no pleasant atmosphere rather small rooms with very basic equipment The bathroom was small the toilet did not work properly and staff was not very helpful I came here because it was close to my meeting point. Not much it is close to Hammersmith tube station and bus station.
r0266,23006,2016-05-31,United Kingdom,7.1,mixed,negative,very friendly and relaxed enviroment,Juice could be available on main table at breakfast time so do not have to request,Juice could be available on main table at breakfast time so do not have to request. very friendly and relaxed enviroment.
r0267,389850,2016-09-01,United Kingdom,8.8,mixed,positive,Very nice room very comfortable bed,The food is not good,Very nice room very comfortable bed. The food is not good.
r0268,200072,2016-08-01,United Kingdom,7.5,mixed,negative,Clean room Nice bathroom safe in the room was handy,Received a letter for a room Service charge that we didn t order We enquired about this and was Rectified,Received a letter for a room Service charge that we didn t order We enquired about this and was Rectified. Clean room Nice bathroom safe in the room was handy.
r0269,86832,2016-08-18,United Kingdom,8.8,mixed,negative,The hotel ambience was very good,The beds could be bigger,The beds could be bigger. The hotel ambience was very good.
r0270,209609,2016-07-23,France,10.0,mixed,negative,Lavinida the receptionist was fantastic very polite friendly and helpful I would stay again,The roads in Paris are really confusing the hotel was fab though and the metro was easy and very close,The roads in Paris are really confusing the hotel was fab though and the metro was easy and very close. Lavinida the receptionist was fantastic very polite friendly and helpful I would stay again.
r0271,476339,2016-05-11,Italy,9.2,mixed,negative,Room very comfortable and restaurant for breakfast drinks and dinner excellent Staff very helpful,When travelling it is always appreciated if there is a kettle to make your morning tea or coffee and an iron,When travelling it is always appreciated if there is a kettle to make your morning tea or coffee and an iron. Room very comfortable and restaurant for breakfast drinks and dinner excellent Staff very helpful.
r0272,201296,2016-08-14,France,7.1,mixed,positive,The location was amazing and the staff were welcoming,Breakfast staff were a bit unhappy and the timing of breakfast was quick till 10 am if it was 10 30 will be better They don t accept any food to bring from outside resturants what if I have children and they don t eat but particular things or Somone can t eat any kind of food must be something particular,The location was amazing and the staff were welcoming. Breakfast staff were a bit unhappy and the timing of breakfast was quick till 10 am if it was 10 30 will be better They don t accept any food to bring from outside resturants what if I have children and they don t eat but particular things or Somone can t eat any kind of food must be something particular.
r0273,222945,2016-09-26,United Kingdom,10.0,mixed,negative,Very well situated between two underground stations,It was perfect,It was perfect. Very well situated between two underground stations.
r0274,252247,2016-01-09,United Kingdom,9.6,mixed,negative,Location for getting around London Excellent Room was very clean Bathroom was good with powerfull shower,cleaners forgot to close our door after clean causing concern as door was left open all day,cleaners forgot to close our door after clean causing concern as door was left open all day. Location for getting around London Excellent Room was very clean Bathroom was good with powerfull shower.
r0275,179112,2016-05-17,United Kingdom,10.0,mixed,negative,Second stay at hotel and the staff are just amazing couldn t be more helpful polite Like the informal check in with no reception desk Lovely room and free coffee wine is a very nice touch,We thought champagne bar prices were a little high,We thought champagne bar prices were a little high. Second stay at hotel and the staff are just amazing couldn t be more helpful polite Like the informal check in with no reception desk Lovely room and free coffee wine is a very nice touch.
r0276,303227,2016-10-04,Italy,9.6,mixed,negative,This is truly a wonderful hotel We had a short but excellent stay in the hotel and our experience was great from our arrival till our departure Breakfast was great the staff is great the piano bar was cosy the hotel has a great fairy tale theme a great hotel for a romantic getaway We will be back,There is little I can say about things we disliked in fact there are simply none Maybe the only thing that might be inconvenient for some travellers might be the distance to the city centre although it is only a 10 min walk to the Dom,There is little I can say about things we disliked in fact there are simply none Maybe the only thing that might be inconvenient for some travellers might be the distance to the city centre although it is only a 10 min walk to the Dom. This is truly a wonderful hotel We had a short but excellent stay in the hotel and our experience was great from our arrival till our departure Breakfast was great the staff is great the piano bar was cosy the hotel has a great fairy tale theme a great hotel for a romantic getaway We will be back.
r0277,207697,2016-06-25,United Kingdom,6.7,mixed,negative,The bed was extra comfy very clean,Room was tiny minuscule for a deluxe double tv reception rubbish very few channels to use,Room was tiny minuscule for a deluxe double tv reception rubbish very few channels to use. The bed was extra comfy very clean.
r0278,356763,2016-02-15,United Kingdom,9.2,mixed,positive,Standard room is small but beautifully appointed The pantry oh the pantry magnificent,Cook those scrambled eggs a bit longer They re too sloppy And the lobby is small But I m being picky,Standard room is small but beautifully appointed The pantry oh the pantry magnificent. Cook those scrambled eggs a bit longer They re too sloppy And the lobby is small But I m being picky.
r0279,423956,2016-08-24,Spain,10.0,mixed,negative,The helpfulness of the front desk personnel The location was perfect,There were no negatives for this hotel Everyone went out of their way to make our experience unforgettable We did not eat breakfast in the hotel so we cannot make a comment on that,There were no negatives for this hotel Everyone went out of their way to make our experience unforgettable We did not eat breakfast in the hotel so we cannot make a comment on that. The helpfulness of the front desk personnel The location was perfect.
r0280,15292,2016-11-22,United Kingdom,9.6,mixed,negative,All the staff were wonderful polite and friendly,The only downside to this hotel was the breakfast The staff seemed to be rushing around so my feeling was that there were not enough staff on duty The service was too slow and the queues unacceptably too long We gave up and ate downstairs worth the extra money and lovely people,The only downside to this hotel was the breakfast The staff seemed to be rushing around so my feeling was that there were not enough staff on duty The service was too slow and the queues unacceptably too long We gave up and ate downstairs worth the extra money and lovely people. All the staff were wonderful polite and friendly.
r0281,403275,2016-09-30,Spain,9.6,mixed,positive,Very helpful staff great breakfast and super nice interiors Great experience,As for now stay this way and it s gonna be the best place to stay in Bcn,Very helpful staff great breakfast and super nice interiors Great experience. As for now stay this way and it s gonna be the best place to stay in Bcn.
r0282,432261,2016-09-17,Spain,6.7,mixed,negative,Bereakfat time was great from 7 to 12,There was some perioidal noise on the ceiling during midnight and we decidied to change the room we lost some belongibgs during the room change and could not find them We called only for 5 minutes and they charged us for 33 5 Euro There was no place in the bath to put soup or shampoo,There was some perioidal noise on the ceiling during midnight and we decidied to change the room we lost some belongibgs during the room change and could not find them We called only for 5 minutes and they charged us for 33 5 Euro There was no place in the bath to put soup or shampoo. Bereakfat time was great from 7 to 12.
r0283,190634,2016-06-21,United Kingdom,7.1,mixed,negative,The bed was comfortable and the hotel was in a good location Staff were polite and friendly,The interior was rather tired and dated The hotel really needs to modernise and update the rooms,The interior was rather tired and dated The hotel really needs to modernise and update the rooms. The bed was comfortable and the hotel was in a good location Staff were polite and friendly.
r0284,230024,2016-11-28,United Kingdom,5.8,mixed,positive,Look of entrance,Noise in hotel rooms small,Look of entrance. Noise in hotel rooms small.
r0285,318044,2016-07-13,United Kingdom,8.8,mixed,positive,Staff very helpful Good clean and comfortable facilities Great location for my needs,Want hot chocolate in room to make a drink,Staff very helpful Good clean and comfortable facilities Great location for my needs. Want hot chocolate in room to make a drink.
r0286,85691,2016-07-12,United Kingdom,9.6,mixed,positive,Excellent service standard,The breakfast was not labelled clearly and difficult to distinguish where what anything actually was Very unspecified on the latest checkout available,Excellent service standard. The breakfast was not labelled clearly and difficult to distinguish where what anything actually was Very unspecified on the latest checkout available.
r0287,377537,2016-01-17,Austria,9.2,mixed,positive,The room are very big clean and comfortable Great idea microwave Great location at the exit of u bahn staff very friendly,Fitness room very poor only 1 bike Running and step machine will be very much appreciated,The room are very big clean and comfortable Great idea microwave Great location at the exit of u bahn staff very friendly. Fitness room very poor only 1 bike Running and step machine will be very much appreciated.
r0288,513071,2016-11-26,United Kingdom,10.0,mixed,positive,Attentive staff Lovely facilities and interior Very well designed bathroom Location Cleaners are very good,An early warning about the drilling internal construction starting on the Monday would have been helpful I will call ahead next time to ensure they are not doing any construction Other than that flawless,Attentive staff Lovely facilities and interior Very well designed bathroom Location Cleaners are very good. An early warning about the drilling internal construction starting on the Monday would have been helpful I will call ahead next time to ensure they are not doing any construction Other than that flawless.
r0289,284174,2016-10-05,United Kingdom,9.2,mixed,positive,Good location and comfortable,Not enough light at the desk,Good location and comfortable. Not enough light at the desk.
r0290,253406,2016-12-30,United Kingdom,7.5,mixed,negative,Cool hotel super friendly staff,Mattress can only be compared to something like you find in a student house thin too soft and I support at all,Mattress can only be compared to something like you find in a student house thin too soft and I support at all. Cool hotel super friendly staff.
r0291,191318,2016-04-18,United Kingdom,7.9,mixed,positive,reception and car park staff,breakfast coffee powdery,reception and car park staff. breakfast coffee powdery.
r0292,284240,2016-07-09,United Kingdom,6.7,mixed,negative,Shower was awesome,Apartment in as modern but akward layout Not enough hooks Front desk seemed very overwelmed,Apartment in as modern but akward layout Not enough hooks Front desk seemed very overwelmed. Shower was awesome.
r0293,123073,2016-08-02,France,7.9,mixed,negative,The beds were very comfortable and the location was very convenient to the metro All the main tourist attractions were accessible withing a 20 minute metro ride The breakfast was expensive yet very filling The kids wating for free was a great bonus,This hotel is listed as a 4 star hotel however it is very dated The carpets are worn the rooms are stuffy due to a lack of air conditioning and the paint is peeling in the bathrooms This is more like a 2 3 star location,This hotel is listed as a 4 star hotel however it is very dated The carpets are worn the rooms are stuffy due to a lack of air conditioning and the paint is peeling in the bathrooms This is more like a 2 3 star location. The beds were very comfortable and the location was very convenient to the metro All the main tourist attractions were accessible withing a 20 minute metro ride The breakfast was expensive yet very filling The kids wating for free was a great bonus.
r0294,179821,2016-09-03,France,7.9,mixed,negative,After being stuck on a train for 12 hours the night staff room service team were superb,Receptionist very patronizing Such a shame after such a great impression from the night staff,Receptionist very patronizing Such a shame after such a great impression from the night staff. After being stuck on a train for 12 hours the night staff room service team were superb.
r0295,484715,2016-04-22,Italy,9.2,mixed,negative,Walking distance to Centrale FS straight metro line to Duomo and shopping area very clean good planning of the room interesting design all necessary utilities good breakfast free tea and coffee in the lobby bar strong Wi Fi,Stairs at the entrance It s very uncomfortable while carrying the luggage The elevator is very small and slow for such a big hotel Everything else was fine,Stairs at the entrance It s very uncomfortable while carrying the luggage The elevator is very small and slow for such a big hotel Everything else was fine. Walking distance to Centrale FS straight metro line to Duomo and shopping area very clean good planning of the room interesting design all necessary utilities good breakfast free tea and coffee in the lobby bar strong Wi Fi.
r0296,161589,2016-07-11,United Kingdom,9.6,mixed,negative,Location friendliness of staff and quality of food,Breakfast was included but apparently continental only and a surcharge applied to my bill Needs to be clearer when offering this as breakfast included should not be limited to a type in my opinion,Breakfast was included but apparently continental only and a surcharge applied to my bill Needs to be clearer when offering this as breakfast included should not be limited to a type in my opinion. Location friendliness of staff and quality of food.
r0297,255080,2016-07-14,France,9.2,mixed,positive,Location is amazing staff are really helpful,Concierge staff needs little improvement as some time they do not know that much other than that everything was perfect,Location is amazing staff are really helpful. Concierge staff needs little improvement as some time they do not know that much other than that everything was perfect.
r0298,228797,2016-10-01,United Kingdom,9.6,mixed,negative,Beautiful and made it extra special for our special occasion,Felt a little let down by the food at breckfast,Felt a little let down by the food at breckfast. Beautiful and made it extra special for our special occasion.
r0299,443579,2016-06-28,United Kingdom,8.8,mixed,negative,I liked how central it was also a very nice friendly hotel very welcoming,The noise of the air con But that s very minor,The noise of the air con But that s very minor. I liked how central it was also a very nice friendly hotel very welcoming.
r0300,468048,2016-05-24,Spain,8.8,mixed,negative,Wifi worked OK on the 4th floor the breakfast was nice with various flavours The location was very close to Camp Nou and close by to Metro station Few shops just next to the hotel made it very convenient,The price was high but I guess it s expected with such close proximity to Barca stadium,The price was high but I guess it s expected with such close proximity to Barca stadium. Wifi worked OK on the 4th floor the breakfast was nice with various flavours The location was very close to Camp Nou and close by to Metro station Few shops just next to the hotel made it very convenient.
r0301,3851,2016-07-05,United Kingdom,9.2,mixed,negative,Plenty of choice for breakfast with very nice tea and coffee full English and continental available with fresh croissants and pastries also Location was perfect as it was very close to tube station but also within walking distance of the major shops and attractions and opposite Russell Square Gardens Staff were very pleasant and helpful,The first room we were allocated had a musty smell to it but we were efficiently moved across to another room with no bother at all Some areas need updating but this was already underway in some parts of the hotel Shower was very noisy,The first room we were allocated had a musty smell to it but we were efficiently moved across to another room with no bother at all Some areas need updating but this was already underway in some parts of the hotel Shower was very noisy. Plenty of choice for breakfast with very nice tea and coffee full English and continental available with fresh croissants and pastries also Location was perfect as it was very close to tube station but also within walking distance of the major shops and attractions and opposite Russell Square Gardens Staff were very pleasant and helpful.
r0302,277464,2016-08-18,Spain,7.1,mixed,negative,Friendly staff that was very hospitable and helpful with maps recommendations and advise We had a terrace room which was really nice and room was spacious Good internet connection Central location with easy access to town,Only one elevator with narrow reception which leads to queuing when there is a large crown Cleaning services needs some improvement and pay more attention to details,Only one elevator with narrow reception which leads to queuing when there is a large crown Cleaning services needs some improvement and pay more attention to details. Friendly staff that was very hospitable and helpful with maps recommendations and advise We had a terrace room which was really nice and room was spacious Good internet connection Central location with easy access to town.
r0303,339404,2016-05-16,Netherlands,7.5,mixed,negative,Room very big and comfortable Friendly staff and wifi very speedy Lovely selection of postcards in the lobby which reception posted for us There are rental bikes too,Breakfast very expensive so didn t go for this as there are so many cafes around The bar is very cool but there is very loud music so it s more like being in a club and not somewhere to go and unwind after a busy day of sightseeing so we did not stay for drinks in the end Location is out of town so once you are out of the hotel you cannot just pop back you need to be organised to be out all day However the area is quieter and more relaxing due to this The tram is a mere 10 min walk away so it s easy to get to the attractions,Breakfast very expensive so didn t go for this as there are so many cafes around The bar is very cool but there is very loud music so it s more like being in a club and not somewhere to go and unwind after a busy day of sightseeing so we did not stay for drinks in the end Location is out of town so once you are out of the hotel you cannot just pop back you need to be organised to be out all day However the area is quieter and more relaxing due to this The tram is a mere 10 min walk away so it s easy to get to the attractions. Room very big and comfortable Friendly staff and wifi very speedy Lovely selection of postcards in the lobby which reception posted for us There are rental bikes too.
r0304,498962,2016-05-02,Spain,4.6,mixed,positive,Stuff clean staff is nice,Stuff old it is very noise even with windows closed It might arrive 4 stars but reality 3 stars can be,Stuff clean staff is nice. Stuff old it is very noise even with windows closed It might arrive 4 stars but reality 3 stars can be.
r0305,201532,2016-05-20,France,2.5,mixed,positive,Very bad experience,Services and recpaption feedback they were very rude,Very bad experience. Services and recpaption feedback they were very rude.
r0306,367967,2016-06-16,Spain,9.2,mixed,positive,The royal rooms are extra comfy and absolutely soundproofed You won t find a better location,What s to dislike,The royal rooms are extra comfy and absolutely soundproofed You won t find a better location. What s to dislike.
r0307,322612,2016-06-03,United Kingdom,9.2,mixed,negative,liked the welcome of staff very friendly staff,location was far outbut would the hotel again,location was far outbut would the hotel again. liked the welcome of staff very friendly staff.
r0308,28682,2016-06-29,France,10.0,mixed,positive,Breakfast was brilliant Good location and amazing view from room 64,More coffee and milk maybe,Breakfast was brilliant Good location and amazing view from room 64. More coffee and milk maybe.
r0309,315731,2016-08-05,Netherlands,9.2,mixed,negative,The location of the hotel was great and convenient to getting around The hotel area was clean with shops and places to eat The room was large and the penthouse suite was fabulous The city views were phenomenally uplifting The maid did an excellent job The room was cleaned well Loved the wood floors and d cor of the room It was very eclectic and warm,The shower head in Rm 605 needs to be fixed Also the water tens to run out of the shower and floods the bathroom May need better insulation The front desk in the evening was unmanned The receptionist was too interested in his phone,The shower head in Rm 605 needs to be fixed Also the water tens to run out of the shower and floods the bathroom May need better insulation The front desk in the evening was unmanned The receptionist was too interested in his phone. The location of the hotel was great and convenient to getting around The hotel area was clean with shops and places to eat The room was large and the penthouse suite was fabulous The city views were phenomenally uplifting The maid did an excellent job The room was cleaned well Loved the wood floors and d cor of the room It was very eclectic and warm.
r0310,505474,2016-01-24,United Kingdom,8.8,mixed,positive,Reception and concierge staff particularly helpful though the concierge did give us incorrect information about the boat trip we booked,Insufficient toiletries provided for 2 people Unable to find a seat in the bar after dinner one evening and lifts so busy we d often to wait for several trips before we could be accommodated,Reception and concierge staff particularly helpful though the concierge did give us incorrect information about the boat trip we booked. Insufficient toiletries provided for 2 people Unable to find a seat in the bar after dinner one evening and lifts so busy we d often to wait for several trips before we could be accommodated.
r0311,286564,2016-08-05,Spain,9.2,mixed,negative,The lobby lounge with bar was a very comfortable place to sit and catch your breath from sightseeing or shopping Loved the roof top bar as well which is used by guests and visitors Great location Staff very friendly and helpful,I don t like that an iron and ironing board aren t kept in room Staff very helpful in bringing one up for quick use though,I don t like that an iron and ironing board aren t kept in room Staff very helpful in bringing one up for quick use though. The lobby lounge with bar was a very comfortable place to sit and catch your breath from sightseeing or shopping Loved the roof top bar as well which is used by guests and visitors Great location Staff very friendly and helpful.
r0312,185882,2016-10-10,United Kingdom,9.2,mixed,positive,great beds and pillows,better bathroom products NO LIFT available so that was a struggle,great beds and pillows. better bathroom products NO LIFT available so that was a struggle.
r0313,412047,2016-08-25,Spain,5.4,mixed,positive,They had fresh apples at the reception counter,Housekeepers kept ignoring the Do Not Disturb signs and came in our room multiple times They also left the door of our room open Very unprofessional,They had fresh apples at the reception counter. Housekeepers kept ignoring the Do Not Disturb signs and came in our room multiple times They also left the door of our room open Very unprofessional.
r0314,230215,2016-01-04,United Kingdom,3.8,mixed,negative,Old style hotel in need of refurbishment with an unwelcoming staff,Small room not welcoming staff but well located,Small room not welcoming staff but well located. Old style hotel in need of refurbishment with an unwelcoming staff.
r0315,290471,2016-04-26,United Kingdom,9.2,mixed,negative,Excellent staff great location great breakfast Staff ready to assist at any time great service during breakfast and generally,mattress was a bit hard,mattress was a bit hard. Excellent staff great location great breakfast Staff ready to assist at any time great service during breakfast and generally.
r0316,269892,2016-07-07,Netherlands,5.8,mixed,positive,Location was great,Very rude lady I encountered on my second day at the front office,Location was great. Very rude lady I encountered on my second day at the front office.
r0317,8773,2016-11-28,United Kingdom,4.2,mixed,negative,We ended up staying at the Paddington hotel as there were issues with the hot water here,The room was tiny extremely small and not well laid out at all There was no fridge for us to keep anything in and we only had water on the first night Not worth 411 for 3 nights at all and definitely not 4,The room was tiny extremely small and not well laid out at all There was no fridge for us to keep anything in and we only had water on the first night Not worth 411 for 3 nights at all and definitely not 4. We ended up staying at the Paddington hotel as there were issues with the hot water here.
r0318,167736,2016-02-28,United Kingdom,10.0,mixed,positive,Liked the Location the hotel the staff the food all was ok and enjoyed it,Room was very warm and Abit Small but otherwise very good,Liked the Location the hotel the staff the food all was ok and enjoyed it. Room was very warm and Abit Small but otherwise very good.
r0319,21760,2016-05-01,France,9.2,mixed,negative,Comfortable bed quiet room good shower and bath,Lift not working breakfast service slow but fantastic waiter presented complimentary wine in our room to apologise,Lift not working breakfast service slow but fantastic waiter presented complimentary wine in our room to apologise. Comfortable bed quiet room good shower and bath.
r0320,61312,2016-10-20,United Kingdom,9.6,mixed,positive,location and very nice staffs,Breakfast doesn t have a lot of choice,location and very nice staffs. Breakfast doesn t have a lot of choice.
r0321,13789,2016-03-05,United Kingdom,9.6,mixed,positive,We had a really warm welcome and felt at ease at the hotel,The restaurants are not structured The bar manager didn t really have a clue I would definitely recommend sorting the staff and menu out as the food was delicious it just weren t put on menu as it should be,We had a really warm welcome and felt at ease at the hotel. The restaurants are not structured The bar manager didn t really have a clue I would definitely recommend sorting the staff and menu out as the food was delicious it just weren t put on menu as it should be.
r0322,495637,2016-03-18,Italy,9.6,mixed,negative,The breakfast is awesome The staff lovely,I think the toiletries should include cotton buds and cotton wool And a vase should accompany the free bouquet,I think the toiletries should include cotton buds and cotton wool And a vase should accompany the free bouquet. The breakfast is awesome The staff lovely.
r0323,245280,2016-02-27,France,5.4,mixed,positive,Location Friendly staff,Very old Not that clean Cold in night,Location Friendly staff. Very old Not that clean Cold in night.
r0324,175122,2016-01-27,United Kingdom,9.6,mixed,positive,The location is outstanding walking distance to all the major sites We were made to feel so welcome and were very well looked after Our room was comfortable spotlessly clean and quiet,This isn t a negative but the staircases are tight and steep typical of buildings this age so ask for a lower floor room if this is a problem,The location is outstanding walking distance to all the major sites We were made to feel so welcome and were very well looked after Our room was comfortable spotlessly clean and quiet. This isn t a negative but the staircases are tight and steep typical of buildings this age so ask for a lower floor room if this is a problem.
r0325,145985,2016-07-29,United Kingdom,6.7,mixed,negative,Staff were really helpful and friendly,Double room 105 was tiny and had two swivel seats to sit at round a small table but not possible to move once you were seated or get past the bed First night the Air Conditioning didn t work and Receptionist gave us a Fan We had a Wardrobe but no chest of drawers or anywhere to store clothes so had to lift case on to bed to get clean teashirts etc put away dirty clothes etc Having stayed before was surprised at size of room for the 300 per night Try somewhere else next time,Double room 105 was tiny and had two swivel seats to sit at round a small table but not possible to move once you were seated or get past the bed First night the Air Conditioning didn t work and Receptionist gave us a Fan We had a Wardrobe but no chest of drawers or anywhere to store clothes so had to lift case on to bed to get clean teashirts etc put away dirty clothes etc Having stayed before was surprised at size of room for the 300 per night Try somewhere else next time. Staff were really helpful and friendly.
r0326,67733,2016-05-03,United Kingdom,6.3,mixed,positive,The location was great so was the view,The bed was old the matress was very uncomfortable,The location was great so was the view. The bed was old the matress was very uncomfortable.
r0327,27339,2016-09-20,United Kingdom,9.2,mixed,negative,The location is excellant Very quite,The room is small,The room is small. The location is excellant Very quite.
r0328,301739,2016-08-18,United Kingdom,8.3,mixed,positive,Amazing staff very helpful,Sometimes felt a bit dated but for the price and location it was perfect,Amazing staff very helpful. Sometimes felt a bit dated but for the price and location it was perfect.
r0329,147745,2016-04-26,United Kingdom,10.0,mixed,positive,Me and my boyfriend had an amazing time From start to finish the whole team did everything to make our stay extra special From the herbal tea on arrival in the room to offering to hold our bags on check out day rather than us asking as well as a yummy slice of cake for his birthday The room was also AMAZING and perfect in every way,Indoor pool was a little cold more heated would be nice Option for herbal teas around spa area as they are relaxing Sauna and steam would be great too This is just improvements and in no way affected my stay xx,Me and my boyfriend had an amazing time From start to finish the whole team did everything to make our stay extra special From the herbal tea on arrival in the room to offering to hold our bags on check out day rather than us asking as well as a yummy slice of cake for his birthday The room was also AMAZING and perfect in every way. Indoor pool was a little cold more heated would be nice Option for herbal teas around spa area as they are relaxing Sauna and steam would be great too This is just improvements and in no way affected my stay xx.
r0330,349084,2016-09-05,Netherlands,10.0,mixed,negative,Extremely good location with excellent knowledgeable staff,I was given two single beds put together rather rather a double which I had originally booked Breakfast requires more variety,I was given two single beds put together rather rather a double which I had originally booked Breakfast requires more variety. Extremely good location with excellent knowledgeable staff.
r0331,94248,2016-05-31,United Kingdom,9.2,mixed,negative,I booked way in advance and got a great deal and the cancellation option The room was small but looked lovely Room3 next to reception and the lounge area I know some of the other rooms would be bigger but unless you are paying for a suite this was as expected They kept our bags safe for us when we went off for the day Nice touches included offering us iced water Nothing much you may think but more than larger chain hotels Comfy bed Good nights sleep Didn t eat in the restaurant but it looked lovely and matched the standard of the hotel appearance overall The staff were friendly and helpful not pretentious,Mini bar was untouched expensive as you d expect Not a criticism just good to know,Mini bar was untouched expensive as you d expect Not a criticism just good to know. I booked way in advance and got a great deal and the cancellation option The room was small but looked lovely Room3 next to reception and the lounge area I know some of the other rooms would be bigger but unless you are paying for a suite this was as expected They kept our bags safe for us when we went off for the day Nice touches included offering us iced water Nothing much you may think but more than larger chain hotels Comfy bed Good nights sleep Didn t eat in the restaurant but it looked lovely and matched the standard of the hotel appearance overall The staff were friendly and helpful not pretentious.
r0332,377848,2016-08-16,Austria,5.0,mixed,negative,The location and the decorations is excellent,We arrived at 6 00 pm there is no one help us to carry out the leagues we had to carried out by our self also There is no privacy at all even if you put the don t disturb at the door the staff is necking the door all the time for any single things also in the checking out day at 12 30 pm one of the ladies staff came to the room heating the door strongly threatening us that you have to check out now or we will charge you 10 eruo per hour in a very rude way instated of calling the room and inform us,We arrived at 6 00 pm there is no one help us to carry out the leagues we had to carried out by our self also There is no privacy at all even if you put the don t disturb at the door the staff is necking the door all the time for any single things also in the checking out day at 12 30 pm one of the ladies staff came to the room heating the door strongly threatening us that you have to check out now or we will charge you 10 eruo per hour in a very rude way instated of calling the room and inform us. The location and the decorations is excellent.
r0333,62490,2016-01-18,France,6.3,mixed,positive,Location is pretty good,Cleanliness needs more attention,Location is pretty good. Cleanliness needs more attention.
r0334,505335,2016-04-07,United Kingdom,7.5,mixed,negative,Beds were very comfortable Room was clean if a little dusty but bathroom was spotless Location was amazing,There was no phone reception in the room As a woman who had to dry hair put on make up etc I found the room lacking in terms of mirrors with adequate lighting and the room was generally dark I stayed for 1 night and the cleaning lady called at 8 30am to clean waking my friend and I up and also again at 11am We did not have the cleaning sign on the door handle I found this very poor,There was no phone reception in the room As a woman who had to dry hair put on make up etc I found the room lacking in terms of mirrors with adequate lighting and the room was generally dark I stayed for 1 night and the cleaning lady called at 8 30am to clean waking my friend and I up and also again at 11am We did not have the cleaning sign on the door handle I found this very poor. Beds were very comfortable Room was clean if a little dusty but bathroom was spotless Location was amazing.
r0335,277539,2016-06-28,Spain,9.2,mixed,positive,Amazing orange juice Comfy bed cleanliness,The rooms are very dark but that is all,Amazing orange juice Comfy bed cleanliness. The rooms are very dark but that is all.
r0336,380084,2016-08-17,Netherlands,5.8,mixed,negative,The room was nice and clean The beds very comfortable,The location is very unconventient It took 2 trams to get to the center And there nothing to do by the hotel The staff didn t try to help us in anyway,The location is very unconventient It took 2 trams to get to the center And there nothing to do by the hotel The staff didn t try to help us in anyway. The room was nice and clean The beds very comfortable.
r0337,31273,2016-10-29,United Kingdom,9.2,mixed,negative,Decent sized room with comfortable bed,The service in the bar was appalling one poor girl trying to serve everyone,The service in the bar was appalling one poor girl trying to serve everyone. Decent sized room with comfortable bed.
r0338,317901,2016-10-29,United Kingdom,9.6,mixed,negative,The friendliness of the staff and the range of foods available at breakfast,There were a few hairs in the bathroom,There were a few hairs in the bathroom. The friendliness of the staff and the range of foods available at breakfast.
r0339,502583,2016-08-06,Netherlands,8.8,mixed,negative,Very nice hotel near two tram routes Not far from museums and boat trip base Hotel as advertised Very satisfactory,Didn t like the sound of basement windowless rooms so obliged to book up the price range,Didn t like the sound of basement windowless rooms so obliged to book up the price range. Very nice hotel near two tram routes Not far from museums and boat trip base Hotel as advertised Very satisfactory.
r0340,450504,2016-10-31,Netherlands,9.6,mixed,positive,The hotel was centrally located the staff was very friendly and helpful We were provided an IPad during our visit There is also a selection of cookies and sweets coffee and hot chocolate free in the common area,A bit expensive but its an expensive city,The hotel was centrally located the staff was very friendly and helpful We were provided an IPad during our visit There is also a selection of cookies and sweets coffee and hot chocolate free in the common area. A bit expensive but its an expensive city.
r0341,463265,2016-05-23,United Kingdom,9.6,mixed,positive,Staff and facilities were excellent couldn t be better,Wi fi should be included,Staff and facilities were excellent couldn t be better. Wi fi should be included.
r0342,34134,2016-09-19,France,7.1,mixed,negative,Hotel lovely staff lovely breakfast certainly not worth paying extra for but overall pretty good hotel for the money,Location could have been better but not too far from the metro I contacted the hotel prior to our arrival as I was trying to arrange a bottle of champagne to be delivered the morning of her 18 th birthday but they never even acknowledged the emails in the end I decided not to pursue as it was not worth the effort they knew it was her birthday as they wished her happy birthday on check in so had obv received emails with request just a little niggle that annoyed me It overall hotel fine,Location could have been better but not too far from the metro I contacted the hotel prior to our arrival as I was trying to arrange a bottle of champagne to be delivered the morning of her 18 th birthday but they never even acknowledged the emails in the end I decided not to pursue as it was not worth the effort they knew it was her birthday as they wished her happy birthday on check in so had obv received emails with request just a little niggle that annoyed me It overall hotel fine. Hotel lovely staff lovely breakfast certainly not worth paying extra for but overall pretty good hotel for the money.
r0343,44655,2016-01-06,United Kingdom,9.2,mixed,positive,Good value for money for the City of London near the Tube,The lift wasn t working and there was a small brawl in the bar,Good value for money for the City of London near the Tube. The lift wasn t working and there was a small brawl in the bar.
r0344,511189,2016-07-03,Austria,9.6,mixed,negative,Near attractions transit and Pharmacy next door Perfect for my needs for the one night I spent,Can t think of anything to complain about,Can t think of anything to complain about. Near attractions transit and Pharmacy next door Perfect for my needs for the one night I spent.
r0345,65151,2016-05-30,United Kingdom,7.1,mixed,negative,The hotel is quiet and easy to access Staff were good The room was well appointed,The carpet in the hallways was ripped in spots which surprised me for a hotel of its calibre,The carpet in the hallways was ripped in spots which surprised me for a hotel of its calibre. The hotel is quiet and easy to access Staff were good The room was well appointed.
r0346,264204,2016-07-12,United Kingdom,7.5,mixed,positive,Location near to Tottenham court road Breakfast was fabulous,I requested a twin room as travelling with a friend but this was not given to us and we had to share a double bed We were offered an up grade but would have to travel to a new hotel,Location near to Tottenham court road Breakfast was fabulous. I requested a twin room as travelling with a friend but this was not given to us and we had to share a double bed We were offered an up grade but would have to travel to a new hotel.
r0347,413671,2016-09-13,Spain,8.8,mixed,negative,location is great and the hotel is new and modern,terrace and services on terrace are terrible That is also why nobody is on this terrace,terrace and services on terrace are terrible That is also why nobody is on this terrace. location is great and the hotel is new and modern.
r0348,311696,2016-02-10,Netherlands,8.8,mixed,negative,The room was nicely decorated and overall clean nice view Comfortable bed pillows view The noise from the highway close by was present but the isolation was pretty good so no real disturbance from that Breakfast was good A bit far out of town but I found that to be a plus as it was quieter that in city hotels and going in and from the city was quite easy on the pleasant Tram 2 line I liked the hotel and I would definitely recommend it,Although the room itself was clean the narrow portion between the bed frame and the wall was full of dust clustered together with strains of hair For respiratory allergies people like myself it is a problem I ve forgot my phone charger in the room Cleaning team said no charger was found and that was that,Although the room itself was clean the narrow portion between the bed frame and the wall was full of dust clustered together with strains of hair For respiratory allergies people like myself it is a problem I ve forgot my phone charger in the room Cleaning team said no charger was found and that was that. The room was nicely decorated and overall clean nice view Comfortable bed pillows view The noise from the highway close by was present but the isolation was pretty good so no real disturbance from that Breakfast was good A bit far out of town but I found that to be a plus as it was quieter that in city hotels and going in and from the city was quite easy on the pleasant Tram 2 line I liked the hotel and I would definitely recommend it.
r0349,419476,2016-07-26,Netherlands,10.0,mixed,positive,The hotel was amazing So lovely the staff were very friendly and couldnt do enough for us,No beans for the English breakfast,The hotel was amazing So lovely the staff were very friendly and couldnt do enough for us. No beans for the English breakfast.
r0350,157900,2016-09-06,United Kingdom,4.2,mixed,positive,The rooms looked recently renovated,Staff were somewhat rude Entered the hotel through the cafe which is a bit off putting Breakfast was abysmal Small rooms,The rooms looked recently renovated. Staff were somewhat rude Entered the hotel through the cafe which is a bit off putting Breakfast was abysmal Small rooms.
r0351,83969,2016-09-22,United Kingdom,2.5,mixed,negative,Place is a rip off The only nice thing are the pictures they use on Booking com and the entry of the hotel The rest is outdated badly,The state of the rooms is horrendous They pretend to be a 4 star hotel but it is more like a hostel You can barely get changed in the standard room as it is tiny and they charge 200 Pounds for it The rooms are noisy badly equipped with old stuff Lamp was held together with Tape To top it off Incredibly small and uncomfortable beds I am 5 11 and my feet were hanging out The pictures they use are decepting,The state of the rooms is horrendous They pretend to be a 4 star hotel but it is more like a hostel You can barely get changed in the standard room as it is tiny and they charge 200 Pounds for it The rooms are noisy badly equipped with old stuff Lamp was held together with Tape To top it off Incredibly small and uncomfortable beds I am 5 11 and my feet were hanging out The pictures they use are decepting. Place is a rip off The only nice thing are the pictures they use on Booking com and the entry of the hotel The rest is outdated badly.
r0352,481088,2016-11-15,Italy,9.2,mixed,negative,It is a nice hotel which is not expensive,It is a it far from the centre and also from the metro,It is a it far from the centre and also from the metro. It is a nice hotel which is not expensive.
r0353,416232,2016-09-26,Spain,9.6,mixed,positive,the location of the hotel was amazing from the airport a straight train to the station located below the hotel a wide and delicious range of fresh breakfast the Cleanliness and daily changed bed sheets buses and metro just below helpful staff not to forget the great space hotel theme it was a pleasant stay,the only down side there was no ventilation in WC room,the location of the hotel was amazing from the airport a straight train to the station located below the hotel a wide and delicious range of fresh breakfast the Cleanliness and daily changed bed sheets buses and metro just below helpful staff not to forget the great space hotel theme it was a pleasant stay. the only down side there was no ventilation in WC room.
r0354,9142,2016-05-17,United Kingdom,2.5,mixed,positive,Well it looked nice in reception but as I saw no more of it I ll have to take your word for how good it was,Well given it wasn t the hotel I booked I can t really say much about it despite having booked 14 days earlier and despite the hotel looking pretty busy I was shifted hotels because of a supposed boiler fault Not being a tourist and staying all too regularly in London hotels I realise this is code for we ve overbooked the nicer hotel and shunt guests to the quieter hotel round the corner after we ve filled all the rooms It happens too often for me just to be an unlucky traveller 180 for the room breakfast on top and a room that to be fair was tidy but certainly not comparable with other similarly rated hotels that I stay in,Well it looked nice in reception but as I saw no more of it I ll have to take your word for how good it was. Well given it wasn t the hotel I booked I can t really say much about it despite having booked 14 days earlier and despite the hotel looking pretty busy I was shifted hotels because of a supposed boiler fault Not being a tourist and staying all too regularly in London hotels I realise this is code for we ve overbooked the nicer hotel and shunt guests to the quieter hotel round the corner after we ve filled all the rooms It happens too often for me just to be an unlucky traveller 180 for the room breakfast on top and a room that to be fair was tidy but certainly not comparable with other similarly rated hotels that I stay in.
r0355,121057,2016-10-19,France,7.1,mixed,negative,Good reception was upgraded in a suite,Old fashioned Breakfast room and food,Old fashioned Breakfast room and food. Good reception was upgraded in a suite.
r0356,321744,2016-07-19,United Kingdom,9.2,mixed,negative,The location The staff were very thoughtful Handy for the tube Lovely view from room Shower easy to use I am disabled Thank you,There was nothing not to like,There was nothing not to like. The location The staff were very thoughtful Handy for the tube Lovely view from room Shower easy to use I am disabled Thank you.
r0357,222884,2016-11-14,United Kingdom,9.2,mixed,positive,Compfy pillows nice room and bathroom Friendly staff,Coffee at breakfast was horrible Cooked breakfast bit greasy otherwise good choice,Compfy pillows nice room and bathroom Friendly staff. Coffee at breakfast was horrible Cooked breakfast bit greasy otherwise good choice.
r0358,23282,2016-09-18,United Kingdom,8.8,mixed,positive,Location was fantastic if you want to use the Tube Very hard to get it wrong from here Otherwise the Pullman was a very pleasant stay For its location was value for money,We were there in peak time so it wasn t the quietest of hotel and they dropped the ball a little on checking with our bags didn t want to take them to the room,Location was fantastic if you want to use the Tube Very hard to get it wrong from here Otherwise the Pullman was a very pleasant stay For its location was value for money. We were there in peak time so it wasn t the quietest of hotel and they dropped the ball a little on checking with our bags didn t want to take them to the room.
r0359,39473,2016-07-09,United Kingdom,8.3,mixed,positive,It was a lovely equipped recently revamped hotel Very clean and friendly,The hotel was really good except I felt that they were trying to make as much money out of everything they could The breakfast was no particularly cheap but was fairly basic except they then hand you a menu to get more money out of you for anything hot,It was a lovely equipped recently revamped hotel Very clean and friendly. The hotel was really good except I felt that they were trying to make as much money out of everything they could The breakfast was no particularly cheap but was fairly basic except they then hand you a menu to get more money out of you for anything hot.
r0360,231557,2016-03-05,United Kingdom,7.1,mixed,positive,Sweet Girls in the reception Very service minded African English Concierge OK Wine list,Copy fax and business facilities,Sweet Girls in the reception Very service minded African English Concierge OK Wine list. Copy fax and business facilities.
r0361,309352,2016-02-17,Netherlands,9.0,mixed,negative,The staff and facilities,The party atmosphere and red light district is being destroyed in Amsterdam driving away the tourists,The party atmosphere and red light district is being destroyed in Amsterdam driving away the tourists. The staff and facilities.
r0362,58002,2016-09-22,United Kingdom,9.6,mixed,positive,Really lovely hotel would love to come back,We got charged for an item in the mini fridge bar in the room that we did not consume I did not argue for my money back as the cost was minimal but it was a little frustrating,Really lovely hotel would love to come back. We got charged for an item in the mini fridge bar in the room that we did not consume I did not argue for my money back as the cost was minimal but it was a little frustrating.
r0363,205045,2016-04-11,United Kingdom,8.8,mixed,negative,Great location beautiful hotel and room friendly staff,Check in was a bit lengthy having to supply ID then charged a 50 deposit for one night stay Emailed twice in the previous week to check in at 12pm as opposed to 2pm didnt get a reply,Check in was a bit lengthy having to supply ID then charged a 50 deposit for one night stay Emailed twice in the previous week to check in at 12pm as opposed to 2pm didnt get a reply. Great location beautiful hotel and room friendly staff.
r0364,378071,2016-01-05,Austria,8.8,mixed,positive,good location huge room modern,the mattress was too hard and uncomfortable,good location huge room modern. the mattress was too hard and uncomfortable.
r0365,485364,2016-08-28,Italy,8.8,mixed,positive,Excellent hotel in not so nice neighbourhood Big rooms with all the facilities you need Visitors from all over the globe very international Great restaurant recommended by hotel something with the name artist,The neighbourhood doesn t really invite you to go exploring,Excellent hotel in not so nice neighbourhood Big rooms with all the facilities you need Visitors from all over the globe very international Great restaurant recommended by hotel something with the name artist. The neighbourhood doesn t really invite you to go exploring.
r0366,507560,2016-04-07,United Kingdom,9.2,mixed,positive,Spacious rooms with a wonderful breakfast,The lifts and the price,Spacious rooms with a wonderful breakfast. The lifts and the price.
r0367,165124,2016-06-29,United Kingdom,10.0,mixed,positive,We have used this hotel several times the staff are very polite and helpful last time we stayed they upgraded us to executive room which was great food is also very good,Everything was great,We have used this hotel several times the staff are very polite and helpful last time we stayed they upgraded us to executive room which was great food is also very good. Everything was great.
r0368,117284,2016-06-21,France,7.5,mixed,negative,The location is close to bus metro and train station and the connection to the airport CDG is relatively fast and easy The rooms are clean but very small,The personal at the reception was really confused talking to himself and seemed to bit unorganized The rooms are very small for a four star hotel for more than 1 2 nights the rooms are too small to stay The elevator was under construction during the days of staying there so carrying luggage from the very top to the very down floor and upstairs in pretty narrow steps might be tricky if you re have heavy bags,The personal at the reception was really confused talking to himself and seemed to bit unorganized The rooms are very small for a four star hotel for more than 1 2 nights the rooms are too small to stay The elevator was under construction during the days of staying there so carrying luggage from the very top to the very down floor and upstairs in pretty narrow steps might be tricky if you re have heavy bags. The location is close to bus metro and train station and the connection to the airport CDG is relatively fast and easy The rooms are clean but very small.
r0369,398301,2016-06-16,Spain,5.4,mixed,negative,The hotel is within walking distance to the beach and it s possible to use the hotel s beach towels,The breakfast buffet didn t have the assortment you would expect in a four star hotel Also we didn t get refill on soap so we had to ask for more at the reception The rooms were quite small and the wall paper started to come off in certain places,The breakfast buffet didn t have the assortment you would expect in a four star hotel Also we didn t get refill on soap so we had to ask for more at the reception The rooms were quite small and the wall paper started to come off in certain places. The hotel is within walking distance to the beach and it s possible to use the hotel s beach towels.
r0370,230062,2016-08-30,United Kingdom,9.6,mixed,negative,Quick check in and flexibility with a later check out,Tray charges to the room,Tray charges to the room. Quick check in and flexibility with a later check out.
r0371,407827,2016-08-15,Italy,10.0,mixed,positive,Really liked the central location The hotel was very clean and comfortable The roof garden is lovely and a meal in the hotel restaurant is a must The breakfasts were excellent,Two of the female receptionists were very unprofessional and at times very dismissive The shower was not sealed and a lot of towels required to mop up,Really liked the central location The hotel was very clean and comfortable The roof garden is lovely and a meal in the hotel restaurant is a must The breakfasts were excellent. Two of the female receptionists were very unprofessional and at times very dismissive The shower was not sealed and a lot of towels required to mop up.
r0372,363781,2016-06-23,United Kingdom,6.3,mixed,positive,I basically paid nearly three hundred for a night and got poor service No one knew what they were doing,Service Staff poor qualty did not speak english Not helpful at all,I basically paid nearly three hundred for a night and got poor service No one knew what they were doing. Service Staff poor qualty did not speak english Not helpful at all.
r0373,425945,2016-08-28,Spain,7.1,mixed,negative,Beds were very comfy,We didn t get our requested connecting rooms No kettle in the room Bathroom locks didn t work,We didn t get our requested connecting rooms No kettle in the room Bathroom locks didn t work. Beds were very comfy.
r0374,404073,2016-12-14,Austria,9.2,mixed,positive,Location Luxury in details,Our room looked a bit different from the advertised photos,Location Luxury in details. Our room looked a bit different from the advertised photos.
r0375,18071,2016-04-17,United Kingdom,9.6,mixed,positive,The location and service,The shower over the bath,The location and service. The shower over the bath.
r0376,210688,2016-12-19,United Kingdom,8.3,mixed,positive,The hotel location was excellent walking distance to many attractions Borough market around the corner Will definately return here,The room was very nice however the bed mattress was far too hard very uncomfortable we hardly slept in it all night Hotel did not have their own car park run by the hotel next door and was very expensive to park there,The hotel location was excellent walking distance to many attractions Borough market around the corner Will definately return here. The room was very nice however the bed mattress was far too hard very uncomfortable we hardly slept in it all night Hotel did not have their own car park run by the hotel next door and was very expensive to park there.
r0377,35888,2016-02-02,United Kingdom,8.3,mixed,negative,Very close to Gloucester Road Tube 2 minute walk from the hotel Reception staff and concierge were very welcoming and helpful Feels more like a Guesthouse than a hotel which in itself is pleasant Some nice touches in the room bottled water complimentary newspaper and a complimentary bath oil All in all great value for a London location,Decor is a little dated and tired,Decor is a little dated and tired. Very close to Gloucester Road Tube 2 minute walk from the hotel Reception staff and concierge were very welcoming and helpful Feels more like a Guesthouse than a hotel which in itself is pleasant Some nice touches in the room bottled water complimentary newspaper and a complimentary bath oil All in all great value for a London location.
r0378,440863,2016-03-29,Austria,9.6,mixed,positive,Fantastic location really unique scenery very quiet atmosphere good public transport connections bus stop is just in front of the hotel metro tram is 10 minutes away great parking space,Our room lacked certain basic equipment f e heating kettle but we knew about it in advance There was a Easter brunch in the hotel we were not informed about in advance,Fantastic location really unique scenery very quiet atmosphere good public transport connections bus stop is just in front of the hotel metro tram is 10 minutes away great parking space. Our room lacked certain basic equipment f e heating kettle but we knew about it in advance There was a Easter brunch in the hotel we were not informed about in advance.
r0379,273327,2016-03-06,Spain,8.8,mixed,negative,Rooms were interestingly set up Friendly helpful staff Nice bikes to rent from front desk,You have to pay for sauna etc Didn t know that expect it to be free for guests,You have to pay for sauna etc Didn t know that expect it to be free for guests. Rooms were interestingly set up Friendly helpful staff Nice bikes to rent from front desk.
r0380,83293,2016-03-21,United Kingdom,8.8,mixed,negative,Bed was big room was quiet,Lounge and coffee area was full as hotel has a free wifi policy There appeared to be a lot of people non residents using the area,Lounge and coffee area was full as hotel has a free wifi policy There appeared to be a lot of people non residents using the area. Bed was big room was quiet.
r0381,212538,2016-07-17,United Kingdom,10.0,mixed,positive,Wonderful experience Great room Air conditioned so my asthma was controlled and incredible breakfast with fresh fruit and a nice assortment of food items There was something for everyone I will recommend it without reservation The location was fabulous virtually almost on Oxford street and a short 5 minute walk to Marble Arch for the Hop on hop off bus My mother age 80 joined me on the trip and had no problems We very much enjoyed our stay and will do it again,There is nothing that we didn t like,Wonderful experience Great room Air conditioned so my asthma was controlled and incredible breakfast with fresh fruit and a nice assortment of food items There was something for everyone I will recommend it without reservation The location was fabulous virtually almost on Oxford street and a short 5 minute walk to Marble Arch for the Hop on hop off bus My mother age 80 joined me on the trip and had no problems We very much enjoyed our stay and will do it again. There is nothing that we didn t like.
r0382,9248,2016-03-15,United Kingdom,6.3,mixed,positive,Great location decent bar,Very small bed small shower with a light very close above the showerhead toilet stuck around the side of the shower and a small room to boot also the fire alarm going off at 4 30 45 am just finished things off lovely,Great location decent bar. Very small bed small shower with a light very close above the showerhead toilet stuck around the side of the shower and a small room to boot also the fire alarm going off at 4 30 45 am just finished things off lovely.
r0383,102485,2016-04-19,United Kingdom,9.6,mixed,negative,Great breakfast Busstop in front of hotel,Hotel bar closed at 23 00 just when we arrived and took a seat to have a drink,Hotel bar closed at 23 00 just when we arrived and took a seat to have a drink. Great breakfast Busstop in front of hotel.
r0384,205736,2016-02-16,France,8.3,mixed,negative,Small charming cozy hotel Super friendly staff The tips for the restaurants they gave us were perfect The small kitchen in the room with everything necessary for a quick meal Cleaning the bathroom shined Location close to Pantheon St Germain St Michel,As I was with a person with reduced mobility The negative points concern accessibility the bathtube is very high difficult for a disabled person to enter and leave by itself the breakfast was in the basement not accessible with the elevator the 3 steps just outside the elevators that give access to the rooms required some care the room is a little bit dark Wifi unstable access is hard few buses far from metro stations,As I was with a person with reduced mobility The negative points concern accessibility the bathtube is very high difficult for a disabled person to enter and leave by itself the breakfast was in the basement not accessible with the elevator the 3 steps just outside the elevators that give access to the rooms required some care the room is a little bit dark Wifi unstable access is hard few buses far from metro stations. Small charming cozy hotel Super friendly staff The tips for the restaurants they gave us were perfect The small kitchen in the room with everything necessary for a quick meal Cleaning the bathroom shined Location close to Pantheon St Germain St Michel.
r0385,450201,2016-01-21,Austria,7.9,mixed,negative,Food was Excellent in the morning,Bed was a little uncomfortable,Bed was a little uncomfortable. Food was Excellent in the morning.
r0386,505200,2016-05-26,United Kingdom,7.1,mixed,negative,Restaurant served nice food and the hotel location couldn t be better for national rail links and underground,Staff were rude unhelpful Hidden charges were popping up all over the place on my bills Almost charged THREE TIMES for a room upgrade Room service breakfast was a fiasco that almost cost me 117 Shan t be staying here again,Staff were rude unhelpful Hidden charges were popping up all over the place on my bills Almost charged THREE TIMES for a room upgrade Room service breakfast was a fiasco that almost cost me 117 Shan t be staying here again. Restaurant served nice food and the hotel location couldn t be better for national rail links and underground.
r0387,19934,2016-03-15,United Kingdom,10.0,mixed,negative,The staff were awesome and hotel was very clean,The colour of the carpets,The colour of the carpets. The staff were awesome and hotel was very clean.
r0388,415348,2016-07-26,Spain,4.6,mixed,negative,The location was good close to the subway,The staff lacks any customer service There promptness to help assist or fix anything is sub par Our Refrigerator broke and they never came to fix it or help supplement Their spa is not relaxing as it is right by the fitness center and you can hear everything,The staff lacks any customer service There promptness to help assist or fix anything is sub par Our Refrigerator broke and they never came to fix it or help supplement Their spa is not relaxing as it is right by the fitness center and you can hear everything. The location was good close to the subway.
r0389,187793,2016-08-14,United Kingdom,7.1,mixed,negative,Room is good and classy,The bed was small you need to walk alot to get your room They charge alot for room service,The bed was small you need to walk alot to get your room They charge alot for room service. Room is good and classy.
r0390,286577,2016-07-19,Spain,6.3,mixed,positive,Location was great as just outside Plaza Catalunya Room was cozy and nice bed and bathroom,There was construction next door and nobody informed us about that Noise started about 7 30 am When we asked for a late check out staff was very inflexible and denied even 1 extra hour,Location was great as just outside Plaza Catalunya Room was cozy and nice bed and bathroom. There was construction next door and nobody informed us about that Noise started about 7 30 am When we asked for a late check out staff was very inflexible and denied even 1 extra hour.
r0391,342414,2016-10-02,Austria,9.6,mixed,negative,Very friendly and helpful staff Excellent bar and music,Water pressure at the higher floors is sometimes insufficient for the shower,Water pressure at the higher floors is sometimes insufficient for the shower. Very friendly and helpful staff Excellent bar and music.
r0392,472470,2016-11-02,Italy,5.8,mixed,positive,Location was good bathroom was nice and clean,Wifi was terrible in the room could not control the temperature in the room Parking is super expensive,Location was good bathroom was nice and clean. Wifi was terrible in the room could not control the temperature in the room Parking is super expensive.
r0393,298309,2016-06-16,United Kingdom,8.3,mixed,positive,Very helpful staff responding positively to problems and queries The lovely staff also thoughtfully provided happy birthday cake for my daughter s 21st birthday celebrations thank you Good links into the city,Original room was cramped and the shower problematic however staff were most helpful and thoughtfully moved us to a better room,Very helpful staff responding positively to problems and queries The lovely staff also thoughtfully provided happy birthday cake for my daughter s 21st birthday celebrations thank you Good links into the city. Original room was cramped and the shower problematic however staff were most helpful and thoughtfully moved us to a better room.
r0394,81056,2016-05-31,France,3.8,mixed,positive,hotel cars are nice thats it,comfort in room poor service not worth the money ordered rolls royce to pick us up but the driver couldn t even meet us properly,hotel cars are nice thats it. comfort in room poor service not worth the money ordered rolls royce to pick us up but the driver couldn t even meet us properly.
r0395,439061,2016-04-26,Spain,9.6,mixed,positive,Beds were very comfortable and good size Bedding changed every day Spacious room with good bathroom facilities and very clean,Room was not smoke free so smelt of stale tobacco Not sure if you can request no smoking rooms,Beds were very comfortable and good size Bedding changed every day Spacious room with good bathroom facilities and very clean. Room was not smoke free so smelt of stale tobacco Not sure if you can request no smoking rooms.
r0396,257297,2016-09-15,United Kingdom,8.8,mixed,negative,Nice interior decor,The water pipes from other rooms were really noisy and woke me up through the night,The water pipes from other rooms were really noisy and woke me up through the night. Nice interior decor.
r0397,395372,2016-06-12,Netherlands,9.2,mixed,positive,This hotel is spotless Our rooms were cleaned every day The waffle maker at breakfast was an excellent idea Breakfast was very good Beds are very comfortable Air Conditioning in room Staff are very helpful and extremely friendly Rietlandpark Tram stop is only a 2 minute walk away Take tram no 26 from Amsterdam Central Station Great Spanish Tapas bar around the corner which serves amazing food with a great atmosphere,Hotel is a bit far from the centre of Amsterdam however the tram is only a 2 minute walk and it is only 3 stops to Amsterdam Central Station Couldn t open windows in room which meant it felt a bit claustrophobic in the room air conditioning was working great but sometimes it would be nice for some fresh air,This hotel is spotless Our rooms were cleaned every day The waffle maker at breakfast was an excellent idea Breakfast was very good Beds are very comfortable Air Conditioning in room Staff are very helpful and extremely friendly Rietlandpark Tram stop is only a 2 minute walk away Take tram no 26 from Amsterdam Central Station Great Spanish Tapas bar around the corner which serves amazing food with a great atmosphere. Hotel is a bit far from the centre of Amsterdam however the tram is only a 2 minute walk and it is only 3 stops to Amsterdam Central Station Couldn t open windows in room which meant it felt a bit claustrophobic in the room air conditioning was working great but sometimes it would be nice for some fresh air.
r0398,49018,2016-04-18,France,8.3,mixed,positive,Breakfast was free for us because of our age and we thought quite adequate Room and bath small but clean and bed quite comfortable,Room very tiny and too warm but with window open it was OK Toilet leaked slightly around the bottom Breakfast room way too hot for comfort Shower tub quite slippery could be dangerous,Breakfast was free for us because of our age and we thought quite adequate Room and bath small but clean and bed quite comfortable. Room very tiny and too warm but with window open it was OK Toilet leaked slightly around the bottom Breakfast room way too hot for comfort Shower tub quite slippery could be dangerous.
r0399,218402,2016-04-19,France,5.4,mixed,positive,Room was clean,Staff were rude no parking despite asking not concerned regarding my unhappiness,Room was clean. Staff were rude no parking despite asking not concerned regarding my unhappiness.
r0400,396878,2016-11-17,Spain,9.6,mixed,negative,Staff very kind and helpful Loved the bathroom Loved the special touches glass of cava on check in free upgrade to standard room,Too hot Air conditioning not on as stayed in November but room temperature never below 23 degrees too hot to sleep,Too hot Air conditioning not on as stayed in November but room temperature never below 23 degrees too hot to sleep. Staff very kind and helpful Loved the bathroom Loved the special touches glass of cava on check in free upgrade to standard room.
r0401,499315,2016-07-01,Spain,8.8,mixed,positive,Nice hotel close to everything including the Camp Nou,the swimming pool is a bit sad,Nice hotel close to everything including the Camp Nou. the swimming pool is a bit sad.
r0402,346141,2016-04-03,Netherlands,10.0,mixed,negative,The best bed I ve ever slept in hands down The shower and bathroom facilities were on point and the view from the window was fantastic The staff were lovely and attentive and the wifi was super fast The hotel is located right by Arena Boulevard for Amsterdam s concert venues,There is a 50 deposit you have to put down when you check in that you get back when you check out This is not stated anywhere on booking com s page for the hotel,There is a 50 deposit you have to put down when you check in that you get back when you check out This is not stated anywhere on booking com s page for the hotel. The best bed I ve ever slept in hands down The shower and bathroom facilities were on point and the view from the window was fantastic The staff were lovely and attentive and the wifi was super fast The hotel is located right by Arena Boulevard for Amsterdam s concert venues.
r0403,319104,2016-06-16,Spain,9.2,mixed,positive,Fantastic location staff so helpful and room was clean,Misleading information about gym and pool Gym was a bike and cross trainer only Though they offered free use of sister gym Pool was more of a long pond feature Bathroom basin ywas awkward and weird shape,Fantastic location staff so helpful and room was clean. Misleading information about gym and pool Gym was a bike and cross trainer only Though they offered free use of sister gym Pool was more of a long pond feature Bathroom basin ywas awkward and weird shape.
r0404,484314,2016-08-24,Italy,7.9,mixed,negative,Close to railway and hop on hop off bus Good bar and breakfast,No restuarant Very small lift and steps to the reception,No restuarant Very small lift and steps to the reception. Close to railway and hop on hop off bus Good bar and breakfast.
r0405,160286,2016-03-08,United Kingdom,6.7,mixed,negative,Basic facilities were good,Shower was never at a constant temperature Billed us the wrong amount to start with Breakfast was chaotic food always running out before being replenished First person we spoke to couldn t understand his accent,Shower was never at a constant temperature Billed us the wrong amount to start with Breakfast was chaotic food always running out before being replenished First person we spoke to couldn t understand his accent. Basic facilities were good.
r0406,298065,2016-06-14,Spain,8.3,mixed,negative,Friendly and helpful staff,Poor breakfast for the paid amount,Poor breakfast for the paid amount. Friendly and helpful staff.
r0407,154144,2016-12-13,United Kingdom,5.8,mixed,negative,Quiet location room was clean tea making facilities in room,Television didn t work room although clean was smelly as if the drains were smelling not pleasant Bar very tiny and breakfast wasn t included in the price we was told if we had booked direct with them it would have been and yet when I phoned for the date I wanted there were no vacancies and that s why I booked with booking com Breakfast was an extra 23 each,Television didn t work room although clean was smelly as if the drains were smelling not pleasant Bar very tiny and breakfast wasn t included in the price we was told if we had booked direct with them it would have been and yet when I phoned for the date I wanted there were no vacancies and that s why I booked with booking com Breakfast was an extra 23 each. Quiet location room was clean tea making facilities in room.
r0408,158749,2016-12-05,United Kingdom,7.1,mixed,negative,Great staff and nice facilities,Bed too small for comfort requested King and got a queen room too small for comfort,Bed too small for comfort requested King and got a queen room too small for comfort. Great staff and nice facilities.
r0409,208819,2016-12-15,United Kingdom,8.8,mixed,negative,Lovely Rooms and toiletries,Check in a little chaotic,Check in a little chaotic. Lovely Rooms and toiletries.
r0410,208845,2016-11-12,United Kingdom,10.0,mixed,negative,Delighted with my room Bed very comfortable Second full week I have spent here,Happy with everything,Happy with everything. Delighted with my room Bed very comfortable Second full week I have spent here.
r0411,145936,2016-11-21,United Kingdom,9.6,mixed,negative,Excellent hotel in the heart of the square Lovely rooms excellent staff and service Not much more to say really excellent,Would prefer bigger shower with detachable head but that s being picky,Would prefer bigger shower with detachable head but that s being picky. Excellent hotel in the heart of the square Lovely rooms excellent staff and service Not much more to say really excellent.
r0412,418251,2016-01-07,Austria,8.3,mixed,negative,Amazing hotel architecture and interiors really are something special All services are 5 star The bar at the top is absolutely incredible and the food served there is top notch,Its not cheap Expect to pay dearly for extras eg parking is 30 euros per day if you want butter with your breakfast it s 3 euros Also they re guilty of one pet peeve of mine which is that they don t tell you the prices for lots of things in advance I can t fault them for this too much though as the client that they re targeting probably doesn t care about these incidentals too much,Its not cheap Expect to pay dearly for extras eg parking is 30 euros per day if you want butter with your breakfast it s 3 euros Also they re guilty of one pet peeve of mine which is that they don t tell you the prices for lots of things in advance I can t fault them for this too much though as the client that they re targeting probably doesn t care about these incidentals too much. Amazing hotel architecture and interiors really are something special All services are 5 star The bar at the top is absolutely incredible and the food served there is top notch.
r0413,433252,2016-12-12,Spain,9.6,mixed,negative,Location was phenomenal No problems with noise despite being on a major street in a heavily trafficked part of town Staff very friendly and eager to help even late at night Breakfast was delicious Spacious room with free water every day Hotel has free snacks sandwiches cookies fruit etc available from late morning until late at night every day amazing little perk and great for tiding one over until late Spanish dinners Would be delighted to stay here again,Breakfast was fairly expensive 19 per person Given the high standard of everything else in the room the sheets felt remarkably cheap and not particularly comfortable We had a junior suite which was laid out somewhat oddly the toilet and shower opened directly onto the main room meaning very little privacy not a problem for a married couple but still potentially awkward for others,Breakfast was fairly expensive 19 per person Given the high standard of everything else in the room the sheets felt remarkably cheap and not particularly comfortable We had a junior suite which was laid out somewhat oddly the toilet and shower opened directly onto the main room meaning very little privacy not a problem for a married couple but still potentially awkward for others. Location was phenomenal No problems with noise despite being on a major street in a heavily trafficked part of town Staff very friendly and eager to help even late at night Breakfast was delicious Spacious room with free water every day Hotel has free snacks sandwiches cookies fruit etc available from late morning until late at night every day amazing little perk and great for tiding one over until late Spanish dinners Would be delighted to stay here again.
r0414,47098,2016-05-31,United Kingdom,7.5,mixed,positive,some staff very helpful at reception good location,certain bar staff very rude and not helpful in fact one of our company nearly reported one member of staff for being rude and unhelpful They need to realise that we are paying their wages,some staff very helpful at reception good location. certain bar staff very rude and not helpful in fact one of our company nearly reported one member of staff for being rude and unhelpful They need to realise that we are paying their wages.
r0415,86577,2016-02-25,United Kingdom,7.5,mixed,negative,the greeting on arrival the staff at breakfast was very helpfull breakfast was very good as per usual,there was nothing that we did not like we just like this hotel and its location,there was nothing that we did not like we just like this hotel and its location. the greeting on arrival the staff at breakfast was very helpfull breakfast was very good as per usual.
r0416,381520,2016-10-05,Spain,8.8,mixed,positive,All staff were incredibly helpful and friendly and the hand written note with the Romantic Package was a very nice personal touch The Hotel room was amazing thank you,Roof top Swimming pool is a little on the small side and was too cold Bbbbrrr,All staff were incredibly helpful and friendly and the hand written note with the Romantic Package was a very nice personal touch The Hotel room was amazing thank you. Roof top Swimming pool is a little on the small side and was too cold Bbbbrrr.
r0417,84020,2016-04-22,United Kingdom,7.1,mixed,negative,Breakfast is very good location is quite nice you can easily walk to the hyde part or the natural history museum Personal is quite friendly and except the fact that the small double room should not be allowed everything was perfect,We took one small double room and that is really a small room I believe these small double rooms should not be allowed and do not fit a 4stars hotel because at the end is just a single room with the smallest possible double bed in the market Also to walk from one side of the room to the other I had to lean on the bed because the clearance was only 30 cms from the bed to the wall Of course we called booking com and they solved the problem and upgraded us to a proper double room,We took one small double room and that is really a small room I believe these small double rooms should not be allowed and do not fit a 4stars hotel because at the end is just a single room with the smallest possible double bed in the market Also to walk from one side of the room to the other I had to lean on the bed because the clearance was only 30 cms from the bed to the wall Of course we called booking com and they solved the problem and upgraded us to a proper double room. Breakfast is very good location is quite nice you can easily walk to the hyde part or the natural history museum Personal is quite friendly and except the fact that the small double room should not be allowed everything was perfect.
r0418,293081,2016-09-15,Spain,6.3,mixed,positive,Bus stop to the city is almost directly in front of the hotel It only cost 2 15 to go to Batcelona city centre and the journey takes only about 20 minutes,It s a little remote with no shop or other buildings adjacent to it,Bus stop to the city is almost directly in front of the hotel It only cost 2 15 to go to Batcelona city centre and the journey takes only about 20 minutes. It s a little remote with no shop or other buildings adjacent to it.
r0419,104116,2016-08-16,United Kingdom,7.9,mixed,negative,The fact that they could offer gluten free bread,The fact that they couldn t toast the bread because they only have one toaster,The fact that they couldn t toast the bread because they only have one toaster. The fact that they could offer gluten free bread.
r0420,153221,2016-06-14,United Kingdom,10.0,mixed,negative,The staff were excellent friendly and very professional The room was great and the breakfast choice amazing,Real bacon please,Real bacon please. The staff were excellent friendly and very professional The room was great and the breakfast choice amazing.
r0421,254739,2016-04-09,United Kingdom,7.5,mixed,negative,Room was modern having a fridge in the room was very nice,Only window was on a stairwell inside the hotel It would have been nice to have a small desk to sit at The only place to sit in the room was on the bed,Only window was on a stairwell inside the hotel It would have been nice to have a small desk to sit at The only place to sit in the room was on the bed. Room was modern having a fridge in the room was very nice.
r0422,497046,2016-01-26,Italy,7.5,mixed,negative,Location near to an underground station,Thin blanket water leaks from shower after showering,Thin blanket water leaks from shower after showering. Location near to an underground station.
r0423,188463,2016-09-01,United Kingdom,10.0,mixed,positive,The staff was extremely helpful The room was amazing and so comfortable,The bathroom was top draw,The staff was extremely helpful The room was amazing and so comfortable. The bathroom was top draw.
r0424,393991,2016-08-28,Spain,10.0,mixed,negative,I liked the friendliness and everything was very close by and staff were very helpful,Smoking rooms availability or the terrace being open a lot longer,Smoking rooms availability or the terrace being open a lot longer. I liked the friendliness and everything was very close by and staff were very helpful.
r0425,111644,2016-01-28,United Kingdom,9.6,mixed,positive,Fabulous building We were able to check in at 11am meaning we could get sorted and get out The location is great walking distance to baker st with lots of places to eat and drink The spa was a lovely extra T he room was lovely and very peaceful,The television was a bit dated and hard to use,Fabulous building We were able to check in at 11am meaning we could get sorted and get out The location is great walking distance to baker st with lots of places to eat and drink The spa was a lovely extra T he room was lovely and very peaceful. The television was a bit dated and hard to use.
r0426,78505,2016-10-18,United Kingdom,10.0,mixed,negative,The Rockwell was the perfect combination of great location handy to a tube stop on the District line friendly and professional staff an impeccable attention to detail quiet and comfortable rooms and way above average breakfasts,Can t think of a thing not to like,Can t think of a thing not to like. The Rockwell was the perfect combination of great location handy to a tube stop on the District line friendly and professional staff an impeccable attention to detail quiet and comfortable rooms and way above average breakfasts.
r0427,344626,2016-07-18,United Kingdom,7.5,mixed,negative,Staff were amazing Very welcoming and friendly The concierge service was very helpful in expediting my requests The executive lounge was very relaxing and tranquil even during breakfast The bed was enormous and extremely comfortable,Not much variety of breakfast items in the executive lounge Cleanliness of rooms could be better a fair amount of dust on surfaces,Not much variety of breakfast items in the executive lounge Cleanliness of rooms could be better a fair amount of dust on surfaces. Staff were amazing Very welcoming and friendly The concierge service was very helpful in expediting my requests The executive lounge was very relaxing and tranquil even during breakfast The bed was enormous and extremely comfortable.
r0428,369310,2016-10-03,Netherlands,8.8,mixed,negative,Located right on the canal you can step outside and catch the Hop on Hop off canal tour boat It was 20Eur for 24 and you can see every inch on the city The rooms have great views and Cafe American is attached with a phenomenal breakfast buffet,The rooms are dark wish for more lighting a double room will be 2 twin beds pushed together my room had dirty carpet and wallpaper peeling,The rooms are dark wish for more lighting a double room will be 2 twin beds pushed together my room had dirty carpet and wallpaper peeling. Located right on the canal you can step outside and catch the Hop on Hop off canal tour boat It was 20Eur for 24 and you can see every inch on the city The rooms have great views and Cafe American is attached with a phenomenal breakfast buffet.
r0429,337081,2016-08-03,United Kingdom,8.3,mixed,negative,The room was beautifully decorated bathroom was lovely Breakfast was good,The room was a little small breakfast we ordered to be delivered to the room came half an hour late and was a little bit of a sting in terms of price,The room was a little small breakfast we ordered to be delivered to the room came half an hour late and was a little bit of a sting in terms of price. The room was beautifully decorated bathroom was lovely Breakfast was good.
r0430,424780,2016-09-30,Spain,8.3,mixed,negative,The staff were cheerful and helpful,Booked for double bed got two singles,Booked for double bed got two singles. The staff were cheerful and helpful.
r0431,166935,2016-09-10,United Kingdom,7.5,mixed,positive,Friendliness of staff members,Weather was too hot in the room without air conditioner,Friendliness of staff members. Weather was too hot in the room without air conditioner.
r0432,195063,2016-09-27,United Kingdom,6.7,mixed,positive,Location was just fine for our purposes,We found the place rather sterile No personality we may have we ll have stayed at the premier inn at a fraction of the cost,Location was just fine for our purposes. We found the place rather sterile No personality we may have we ll have stayed at the premier inn at a fraction of the cost.
r0433,112435,2016-09-26,United Kingdom,7.5,mixed,positive,Really enjoy the comfy bed breakfast was very good,Swimming pool was really cold my little girl wouldn t stay in there Breakfast too expensive,Really enjoy the comfy bed breakfast was very good. Swimming pool was really cold my little girl wouldn t stay in there Breakfast too expensive.
r0434,210566,2016-04-12,United Kingdom,6.7,mixed,negative,Amazing price for Zone 2 2 min walk to Kilburn park station,No windows in the room seriously I cannot recall that information when I booked,No windows in the room seriously I cannot recall that information when I booked. Amazing price for Zone 2 2 min walk to Kilburn park station.
r0435,266108,2016-04-06,Netherlands,8.3,mixed,negative,I liked the neighbourhood clean rooms Intresting but strange decote in the room,The room was a bit small the beatiful sink in the room Beware of the loud bar,The room was a bit small the beatiful sink in the room Beware of the loud bar. I liked the neighbourhood clean rooms Intresting but strange decote in the room.
r0436,181222,2016-09-20,United Kingdom,7.9,mixed,positive,It is new reasonably located very modern with a nice view from the upper bar It is a few steps from the Tower Hill metro station what I found extremaly useful,I did not manage to operate air conditioning via provided iPad I could not even switch it off I read some other comments and I see I was not the only one So it was just too cold in the room,It is new reasonably located very modern with a nice view from the upper bar It is a few steps from the Tower Hill metro station what I found extremaly useful. I did not manage to operate air conditioning via provided iPad I could not even switch it off I read some other comments and I see I was not the only one So it was just too cold in the room.
r0437,290960,2016-10-17,United Kingdom,9.6,mixed,negative,comfortable bed clean shower great staff,more bathroom amenities like cotton bud,more bathroom amenities like cotton bud. comfortable bed clean shower great staff.
r0438,313238,2016-07-28,Netherlands,4.6,mixed,negative,Old building not renovated rooms Real in east europe My friend said ask reception where they Lost Good hotel For 50 70 Eur night,Room And bathroom,Room And bathroom. Old building not renovated rooms Real in east europe My friend said ask reception where they Lost Good hotel For 50 70 Eur night.
r0439,60158,2016-06-12,United Kingdom,9.2,mixed,negative,Great value for money Comfortable and spacious room Very clean Friendly staff Nice bar,Shower was not easy to operate couldn t work out hot from cold,Shower was not easy to operate couldn t work out hot from cold. Great value for money Comfortable and spacious room Very clean Friendly staff Nice bar.
r0440,417472,2016-11-21,United Kingdom,10.0,mixed,negative,The homeliness of the hotel and genuine welcome helpfulness of all the staff Difficult to achieve excellently executed I would say they were all handpicked it makes a big difference,The music in the cocktail bar is mega loud so much so we had sore throats just trying to talk over one drink Couldn t wait to leave,The music in the cocktail bar is mega loud so much so we had sore throats just trying to talk over one drink Couldn t wait to leave. The homeliness of the hotel and genuine welcome helpfulness of all the staff Difficult to achieve excellently executed I would say they were all handpicked it makes a big difference.
r0441,244197,2016-12-31,United Kingdom,9.6,mixed,positive,I thought my stay was very good value The hotel is very well located and comfortable and the staff are very polite and friendly The breakfast buffet was varied and well stocked,I didn t have a chair in my room so the only place I could sit was on the bed I also found that the shaver socket didn t work,I thought my stay was very good value The hotel is very well located and comfortable and the staff are very polite and friendly The breakfast buffet was varied and well stocked. I didn t have a chair in my room so the only place I could sit was on the bed I also found that the shaver socket didn t work.
r0442,295024,2016-11-02,United Kingdom,5.4,mixed,positive,Good connection with the underground tubes,It could be cleaner,Good connection with the underground tubes. It could be cleaner.
r0443,431793,2016-12-31,Spain,10.0,mixed,positive,Staff were great pet friendly Loved the roof terrace Great location 3 min walk from the main high street And breakfast variety spot on we will be going again,No fault what so ever,Staff were great pet friendly Loved the roof terrace Great location 3 min walk from the main high street And breakfast variety spot on we will be going again. No fault what so ever.
r0444,162404,2016-05-10,United Kingdom,4.2,mixed,positive,Staff who were there did everything they could to help us,Management was poor Rooms were smelly Rooms were untidy Rooms were small There were marks on the wall dirty handprints Didn t seem like it had been cleaned in ages,Staff who were there did everything they could to help us. Management was poor Rooms were smelly Rooms were untidy Rooms were small There were marks on the wall dirty handprints Didn t seem like it had been cleaned in ages.
r0445,460124,2016-03-30,Netherlands,9.2,mixed,negative,Staff speak very good English and very friendly hotel is clean throughout and always seems quiet taxis are very quick although quite expensive tramline less than 5 minutes walk shops and cafes within walking distance Hotel shuttle is very efficient Wi fi good Although there are 17 floors the elevators always take less than a minute any time of the dayl,Hotel is quite expensive at the bar and food we always eat out so didn t really affect us Sauna is quite big and has to be powered on by buttons on the wall was in there around half an hour 45 minutes and didn t really get hot at all Not sure if it s because it hadn t been used all day or the type of sauna it is like electric heaters behind a glass panel,Hotel is quite expensive at the bar and food we always eat out so didn t really affect us Sauna is quite big and has to be powered on by buttons on the wall was in there around half an hour 45 minutes and didn t really get hot at all Not sure if it s because it hadn t been used all day or the type of sauna it is like electric heaters behind a glass panel. Staff speak very good English and very friendly hotel is clean throughout and always seems quiet taxis are very quick although quite expensive tramline less than 5 minutes walk shops and cafes within walking distance Hotel shuttle is very efficient Wi fi good Although there are 17 floors the elevators always take less than a minute any time of the dayl.
r0446,278128,2016-04-28,Spain,5.8,mixed,negative,The rooms were clean modern and the location was perfect for explore the city,Room wasn t ready until 4pm and only offered a standard drink after a day of travelling I had to ask them to look after my bag The staff were very rude missed items on room service and in restaurant on meals and drinks Access to rooftop pool didn t work via room card I had to call reception to come each time there were no clean towels provided on one day they provided no drink or meal service to the pool and they shut the rooftop pool for 2 days of my stay We went for drinks at the W hotel and the attention to detail from staff was excellent and no comparison to the Pullmans lack of service,Room wasn t ready until 4pm and only offered a standard drink after a day of travelling I had to ask them to look after my bag The staff were very rude missed items on room service and in restaurant on meals and drinks Access to rooftop pool didn t work via room card I had to call reception to come each time there were no clean towels provided on one day they provided no drink or meal service to the pool and they shut the rooftop pool for 2 days of my stay We went for drinks at the W hotel and the attention to detail from staff was excellent and no comparison to the Pullmans lack of service. The rooms were clean modern and the location was perfect for explore the city.
r0447,213809,2016-01-22,United Kingdom,9.2,mixed,negative,food was very good,on arrival our room was located at the back of the hotel and there was no heating on as it was a very cold day it took some time to warm upoverall very good,on arrival our room was located at the back of the hotel and there was no heating on as it was a very cold day it took some time to warm upoverall very good. food was very good.
r0448,186737,2016-11-01,France,9.2,mixed,positive,Silent Easy to go laces,Shower head hard to maneuvergpod,Silent Easy to go laces. Shower head hard to maneuvergpod.
r0449,235678,2016-05-24,United Kingdom,7.9,mixed,negative,Comfortable bed good facilities for working,Poor noise insulation in the room,Poor noise insulation in the room. Comfortable bed good facilities for working.
r0450,328989,2016-12-29,Spain,10.0,mixed,negative,Really clean nice bathroom shower Good location helpful staff,Did not replenish the tea coffee in the room daily,Did not replenish the tea coffee in the room daily. Really clean nice bathroom shower Good location helpful staff.
r0451,245841,2016-08-30,United Kingdom,7.5,mixed,negative,Wacky decor and refreshingly different with a good atmosphere and nice location The reception staff were friendly and helpful,The bedrooms were very small and the staff serving breakfast were not particularly helpful or attentive,The bedrooms were very small and the staff serving breakfast were not particularly helpful or attentive. Wacky decor and refreshingly different with a good atmosphere and nice location The reception staff were friendly and helpful.
r0452,332026,2016-01-19,Spain,10.0,mixed,positive,Reception Lady is a Fairy from fairy tails as well as guy from concierge service They really care upgraded our room Even what we did not expected putt with news paper for us the book for studying Spanish as In check in I mentioned that my husband study spanish recommended restaurants and booked it for us carefully The room if beauty and clean We had really good weekend vacation,The spa area is for additional price steem room is 30 each person,Reception Lady is a Fairy from fairy tails as well as guy from concierge service They really care upgraded our room Even what we did not expected putt with news paper for us the book for studying Spanish as In check in I mentioned that my husband study spanish recommended restaurants and booked it for us carefully The room if beauty and clean We had really good weekend vacation. The spa area is for additional price steem room is 30 each person.
r0453,272657,2016-08-24,Spain,7.5,mixed,positive,central location room with private terrace pool,terrace wasn t cleaned properly,central location room with private terrace pool. terrace wasn t cleaned properly.
r0454,280845,2016-08-25,Spain,7.9,mixed,negative,The pool and spa,Room interior need refurb,Room interior need refurb. The pool and spa.
r0455,366051,2016-12-15,Austria,9.6,mixed,negative,comfortable rooms and clean facilities staff very helpful,Breakfast were not very good and overpriced for what was on offer cheaper to eat out,Breakfast were not very good and overpriced for what was on offer cheaper to eat out. comfortable rooms and clean facilities staff very helpful.
r0456,274889,2016-03-20,Netherlands,10.0,mixed,positive,Nice Interior super friendly staff,Breakfast a little expensive,Nice Interior super friendly staff. Breakfast a little expensive.
r0457,14464,2016-02-27,United Kingdom,8.8,mixed,positive,Convenient location for purpose of visit,Bed was to soft it was like sleeping on a trampoline will need a firmer mattress if I stay again,Convenient location for purpose of visit. Bed was to soft it was like sleeping on a trampoline will need a firmer mattress if I stay again.
r0458,42746,2016-08-02,United Kingdom,5.8,mixed,negative,The room was nice,The staff treated us like we didn t have enough money to be there,The staff treated us like we didn t have enough money to be there. The room was nice.
r0459,461219,2016-10-30,Netherlands,8.3,mixed,negative,The staff were so friendly and the interior of hotel lovely and room spacious and comfortable Very clean and modern bathroom,Directly at front of hotel massive Tram track refurbishment taking place level of noise in the day and continued all night was horrendous I was not made aware of this on checking in to hotel Not the hotels fault I know however my self and children were kept a wake most of the night due to the incredible noise level of the drilling taking place all Night long,Directly at front of hotel massive Tram track refurbishment taking place level of noise in the day and continued all night was horrendous I was not made aware of this on checking in to hotel Not the hotels fault I know however my self and children were kept a wake most of the night due to the incredible noise level of the drilling taking place all Night long. The staff were so friendly and the interior of hotel lovely and room spacious and comfortable Very clean and modern bathroom.
r0460,139856,2016-09-30,United Kingdom,8.3,mixed,negative,Bed comfy climate control responsive no noise at night so a great night s sleep water hot shower perfect even an ironing board and decent hair dryer Staff wonderful from reception staff to cleaning staff,For 199 I would have expected breakfast to be included,For 199 I would have expected breakfast to be included. Bed comfy climate control responsive no noise at night so a great night s sleep water hot shower perfect even an ironing board and decent hair dryer Staff wonderful from reception staff to cleaning staff.
r0461,38759,2016-04-21,United Kingdom,8.3,mixed,positive,It was clean enough and in a good location The breakfast crew were fantastic Very friendly and a nice way to start the day,Step up then down into the bathroom I fell and hurt myself on our first night I thought I was going to go through the glass Luckily I didn t break anything,It was clean enough and in a good location The breakfast crew were fantastic Very friendly and a nice way to start the day. Step up then down into the bathroom I fell and hurt myself on our first night I thought I was going to go through the glass Luckily I didn t break anything.
r0462,163891,2016-09-23,United Kingdom,8.8,mixed,positive,Everything was very clean Nice comfy little suite Even though it was quite a small space everything we needed was there Shower was amazing The staff were very nice and apologetic when we complained about noise from building work,Building work was taking place the day we arrived This continued until 10pm which was fine but started up again in the early hours of the morning 1am and before 8am Once reported to reception this stopped,Everything was very clean Nice comfy little suite Even though it was quite a small space everything we needed was there Shower was amazing The staff were very nice and apologetic when we complained about noise from building work. Building work was taking place the day we arrived This continued until 10pm which was fine but started up again in the early hours of the morning 1am and before 8am Once reported to reception this stopped.
r0463,464378,2016-03-02,Austria,9.2,mixed,negative,The hotel had an atmosphere of old Vienna It is a charming one off,No TV channels in English,No TV channels in English. The hotel had an atmosphere of old Vienna It is a charming one off.
r0464,483761,2016-10-31,Italy,7.1,mixed,negative,The breakfast is the highlight of the hotel,The quality of the food from the restaurant was not good I got poisoned But it is not hotel s fault,The quality of the food from the restaurant was not good I got poisoned But it is not hotel s fault. The breakfast is the highlight of the hotel.
r0465,191961,2016-06-12,United Kingdom,10.0,mixed,positive,the room was excellent I went out part way through the evening when I returned there were chocolates on my pillow,the minibar wasn t open to use,the room was excellent I went out part way through the evening when I returned there were chocolates on my pillow. the minibar wasn t open to use.
r0466,142319,2016-08-22,United Kingdom,8.3,mixed,positive,Design was very modern clean rooms excellent staff,Rooms were not that big but was a good price quality ratio,Design was very modern clean rooms excellent staff. Rooms were not that big but was a good price quality ratio.
r0467,183559,2016-05-21,United Kingdom,7.5,mixed,negative,Breakfast served until 11 even in the week and late check out of 12 noon enabled us to have a rare lie in without panicking about missing breakfast and rushing to pack,Rooms a little tired could have done with a lick of paint and a new bathroom,Rooms a little tired could have done with a lick of paint and a new bathroom. Breakfast served until 11 even in the week and late check out of 12 noon enabled us to have a rare lie in without panicking about missing breakfast and rushing to pack.
r0468,188171,2016-07-20,United Kingdom,10.0,mixed,positive,Very comfortable bed we had everything we needed and more quiet very clean staff so helpful and friendly good London base shame it was only for one night would definitely stay here again,air conditioning wasn t very efficient although it was exceptionally hot outside,Very comfortable bed we had everything we needed and more quiet very clean staff so helpful and friendly good London base shame it was only for one night would definitely stay here again. air conditioning wasn t very efficient although it was exceptionally hot outside.
r0469,131674,2016-10-28,United Kingdom,7.1,mixed,positive,Staff very polite,Definitely not a 4 star hotel,Staff very polite. Definitely not a 4 star hotel.
r0470,169884,2016-04-23,United Kingdom,8.3,mixed,negative,The stuff is very friendly Good Room Good location Quiet,one of the staff entered the room is spite of the do not disturb while my wife was in the room alone They could facilitate late checkout,one of the staff entered the room is spite of the do not disturb while my wife was in the room alone They could facilitate late checkout. The stuff is very friendly Good Room Good location Quiet.
r0471,513239,2016-08-21,United Kingdom,5.4,mixed,negative,Location was good The facilities furnishings and space in the reception area was good It was also close to the tube station,A very small room It was a standard double but we couldn t even walk around the bed The hairdryer in the room overheated after about 3 minutes and wouldn t restart Housekeeping knocked on the door at 7 50am to clean the room on the date of us leaving and we hadn t even been down to breakfast check out wasn t until 10am At breakfast the staff allowed que jumping to get a table place When these matters were brought to the attention of staff when checking out they weren t interested I wouldn t return to this hotel ever,A very small room It was a standard double but we couldn t even walk around the bed The hairdryer in the room overheated after about 3 minutes and wouldn t restart Housekeeping knocked on the door at 7 50am to clean the room on the date of us leaving and we hadn t even been down to breakfast check out wasn t until 10am At breakfast the staff allowed que jumping to get a table place When these matters were brought to the attention of staff when checking out they weren t interested I wouldn t return to this hotel ever. Location was good The facilities furnishings and space in the reception area was good It was also close to the tube station.
r0472,381004,2016-06-26,Netherlands,9.6,mixed,positive,Food was excellent Staff helpful,Cold plates for hot food,Food was excellent Staff helpful. Cold plates for hot food.
r0473,401355,2016-03-03,Spain,10.0,mixed,positive,Excellent location Very friendly staff Room facilities excellent wet room and shower amazing Comfy beds Very clean rooms,Cooked breakfast for the British market bacon and sausages Coffee was too strong It was too strong and Luke warm to drink Also the hot water on tap was not warm enough Air conditioning in the breakfast restaurant was too warm,Excellent location Very friendly staff Room facilities excellent wet room and shower amazing Comfy beds Very clean rooms. Cooked breakfast for the British market bacon and sausages Coffee was too strong It was too strong and Luke warm to drink Also the hot water on tap was not warm enough Air conditioning in the breakfast restaurant was too warm.
r0474,55834,2016-09-27,United Kingdom,8.3,mixed,positive,Great location and lovely staff very welcoming and couldn t do enough to help It was a good size room with great facilities,I d booked a suite and used the sofa bed which wasn t that comfortable,Great location and lovely staff very welcoming and couldn t do enough to help It was a good size room with great facilities. I d booked a suite and used the sofa bed which wasn t that comfortable.
r0475,446443,2016-02-09,Austria,10.0,mixed,positive,Extremely helpful knowledgeable staff nothing was too much trouble Excellent service spotIessly clean hotel large bedrooms fantastic monsoon showers I pads provided in rooms,Breakfast on the pricey side,Extremely helpful knowledgeable staff nothing was too much trouble Excellent service spotIessly clean hotel large bedrooms fantastic monsoon showers I pads provided in rooms. Breakfast on the pricey side.
r0476,254975,2016-02-02,United Kingdom,5.8,mixed,negative,Friendly Helpful Staff,Shower leaks all over the floor Towel Radiator Broken Aircon Broken Light from hall through windows way to bright,Shower leaks all over the floor Towel Radiator Broken Aircon Broken Light from hall through windows way to bright. Friendly Helpful Staff.
r0477,243469,2016-07-02,United Kingdom,7.9,mixed,negative,This hotel was within a 5 minute walk from Paddington Station so was very convenient We were also less than 10 minutes to 3 other tube stations Several good restaurants nearby as well as pubs,The WiFi was not very good We tended to use cellphone data Room was a bit small for 3 adults,The WiFi was not very good We tended to use cellphone data Room was a bit small for 3 adults. This hotel was within a 5 minute walk from Paddington Station so was very convenient We were also less than 10 minutes to 3 other tube stations Several good restaurants nearby as well as pubs.
r0478,234310,2016-01-05,United Kingdom,9.6,mixed,positive,All lovely bar reception area easy to relax in everyone friendly continental breakfast everything fresh room clean nicely decorated modern with plenty of plug sockets in the right places D and location great pubs bistros on the doorstep D,People mentioned stairs but this was not an issue for me they are narrow and one flight even from the street to reception but worth climbing if you are able to,All lovely bar reception area easy to relax in everyone friendly continental breakfast everything fresh room clean nicely decorated modern with plenty of plug sockets in the right places D and location great pubs bistros on the doorstep D. People mentioned stairs but this was not an issue for me they are narrow and one flight even from the street to reception but worth climbing if you are able to.
r0479,14186,2016-12-24,United Kingdom,8.8,mixed,negative,The staff throughout the hotel were exceptionally friendly and efficient,Fish dinner was oversalted,Fish dinner was oversalted. The staff throughout the hotel were exceptionally friendly and efficient.
r0480,61730,2016-08-25,United Kingdom,9.2,mixed,negative,Perfect location great staff very clean,Booked a Superior Double Be aware that it was pretty small so I suggest booking a higher category of room if there is more than one of you,Booked a Superior Double Be aware that it was pretty small so I suggest booking a higher category of room if there is more than one of you. Perfect location great staff very clean.
r0481,84015,2016-05-23,United Kingdom,8.8,mixed,negative,Friendly staff good breakfast,Although the room was a standard double it was smaller than I expected We were on the second floor and the windows could not be opened There was air conditioning but this really dried the air,Although the room was a standard double it was smaller than I expected We were on the second floor and the windows could not be opened There was air conditioning but this really dried the air. Friendly staff good breakfast.
r0482,78503,2016-10-30,United Kingdom,9.2,mixed,positive,Excellent location a short walk to Earls Court tube station and all the museums of South Kensington Friendly staff The room was small but compact and had what I needed Nice bathroom and shower,My single room was next to the lift so could be noisy Also had some kind of vent outside the window maybe from the kitchen so again noisy at times Also the mattress was a little soft for me and felt like I was going to fall out of bed,Excellent location a short walk to Earls Court tube station and all the museums of South Kensington Friendly staff The room was small but compact and had what I needed Nice bathroom and shower. My single room was next to the lift so could be noisy Also had some kind of vent outside the window maybe from the kitchen so again noisy at times Also the mattress was a little soft for me and felt like I was going to fall out of bed.
r0483,32850,2016-06-28,United Kingdom,9.6,mixed,negative,The bed was very comfortable and facilities were more than expected in the room,The flush on the toilet didn t work properly and you had to push down on it a few times for it to work Air conditioning was a bit ineffectual,The flush on the toilet didn t work properly and you had to push down on it a few times for it to work Air conditioning was a bit ineffectual. The bed was very comfortable and facilities were more than expected in the room.
r0484,35232,2016-03-17,United Kingdom,8.3,mixed,negative,The service was excellent The heating was easy to uss,The toilet needs to work better More sockets would be nice,The toilet needs to work better More sockets would be nice. The service was excellent The heating was easy to uss.
r0485,327859,2017-02-21,Spain,9.2,mixed,positive,The hotel is very modern and close to a metro station,That they charge for iron service and don t actually tell you that you can borrow the iron for free,The hotel is very modern and close to a metro station. That they charge for iron service and don t actually tell you that you can borrow the iron for free.
r0486,397548,2017-05-08,Spain,8.8,mixed,positive,The staff was exceptionally helpful and very friendly The hotel was immaculate and very well kept We would only stay here for our future visits to Barcelona,The bed was a little too soft but when we told the staff they immediately tried to find a solution,The staff was exceptionally helpful and very friendly The hotel was immaculate and very well kept We would only stay here for our future visits to Barcelona. The bed was a little too soft but when we told the staff they immediately tried to find a solution.
r0487,93622,2017-03-09,United Kingdom,9.6,mixed,negative,Breakfast great Staff helpful Nice decor,Room was dark and small,Room was dark and small. Breakfast great Staff helpful Nice decor.
r0488,249789,2017-07-11,France,8.3,mixed,negative,The family rooms breakfast kids area,The sofa beds weren t too confortable,The sofa beds weren t too confortable. The family rooms breakfast kids area.
r0489,384942,2017-06-27,Austria,7.1,mixed,negative,Good service for the price clean room breakfast variety fresh ingredients,No parking available as the hotel selection was made taking this into consideration However the hotel offered a parking place with a fee 15 Eur which was not previously announced Reservation was completed for one night via Booking com app Taking this into account I would say that the room rate was rather pricey 69 Eur night,No parking available as the hotel selection was made taking this into consideration However the hotel offered a parking place with a fee 15 Eur which was not previously announced Reservation was completed for one night via Booking com app Taking this into account I would say that the room rate was rather pricey 69 Eur night. Good service for the price clean room breakfast variety fresh ingredients.
r0490,133267,2017-05-19,Netherlands,9.2,mixed,positive,The staff was great friendly and very helpful Nice quirky room on spilt level with lovely bathroom and comfy bed This is not your average hotel but something different and with a lot of character,The hotel is on a busy cross road and there is a lively bar downstairs The noise from the road and the bar went on until very late A late check out of two hours is charged 45 Euros a bit steep,The staff was great friendly and very helpful Nice quirky room on spilt level with lovely bathroom and comfy bed This is not your average hotel but something different and with a lot of character. The hotel is on a busy cross road and there is a lively bar downstairs The noise from the road and the bar went on until very late A late check out of two hours is charged 45 Euros a bit steep.
r0491,135453,2017-04-16,France,6.7,mixed,negative,View is breathtaking,Renovation going on over head and it makes the place noisy and uncomfortable Place is not quite at all and hammering over head is very bothersome Have to walk a mile to get to room due to renovation and its annoying WiFi is very poor and slow and disconnects without a reason Price is extremely high compared to amenities Breakfast has more Number of Items but less Actual eatable items,Renovation going on over head and it makes the place noisy and uncomfortable Place is not quite at all and hammering over head is very bothersome Have to walk a mile to get to room due to renovation and its annoying WiFi is very poor and slow and disconnects without a reason Price is extremely high compared to amenities Breakfast has more Number of Items but less Actual eatable items. View is breathtaking.
r0492,278340,2017-04-05,Spain,7.5,mixed,negative,The location is very good being near everything that you probably want to see and the rooms aren t bad,If you have a car to park this hotel isnt the ideal because they have a parking space however isnt in the hotel is like 2 or 3 blocks away and you need to be catching the keys of the parking and delivering the keys leaving the car badly parking even for a short moment just to deliver the keys isnt very comfortable The breakfast is nothing special and very expensive like the parking,If you have a car to park this hotel isnt the ideal because they have a parking space however isnt in the hotel is like 2 or 3 blocks away and you need to be catching the keys of the parking and delivering the keys leaving the car badly parking even for a short moment just to deliver the keys isnt very comfortable The breakfast is nothing special and very expensive like the parking. The location is very good being near everything that you probably want to see and the rooms aren t bad.
r0493,359366,2017-03-23,Netherlands,4.6,mixed,positive,Pleasant staff stylish reception lounge and bar,Restaurant did not open for our stay although hotel was busy Food choices consisted of 5 choices of food in the bar which i must confess were more like readymeals but cost around 17euros each If you have a very small selection at least do them well Had a rather expensive superior room which was tiny and tbh naff Nothing would posess me to call this room superior and im still cross about the price we had to pay for it As the queen size bed was two singles pushed together with two single quilts,Pleasant staff stylish reception lounge and bar. Restaurant did not open for our stay although hotel was busy Food choices consisted of 5 choices of food in the bar which i must confess were more like readymeals but cost around 17euros each If you have a very small selection at least do them well Had a rather expensive superior room which was tiny and tbh naff Nothing would posess me to call this room superior and im still cross about the price we had to pay for it As the queen size bed was two singles pushed together with two single quilts.
r0494,393714,2017-02-27,Netherlands,8.8,mixed,negative,Great breakfast excellent service Amazing place Good for Family travel,Airport transfer was too expensive,Airport transfer was too expensive. Great breakfast excellent service Amazing place Good for Family travel.
r0495,296429,2017-05-01,United Kingdom,7.5,mixed,positive,very useful location and good facilities,Reception was so crowded please open more recepton gate,very useful location and good facilities. Reception was so crowded please open more recepton gate.
r0496,411917,2017-04-23,Spain,7.5,mixed,negative,Location was good next to a tram and met stop Pool area had great views being on the 17th floor,Argumentative bar staff who made an undrinkable hot chocolate,Argumentative bar staff who made an undrinkable hot chocolate. Location was good next to a tram and met stop Pool area had great views being on the 17th floor.
r0497,115885,2017-01-02,United Kingdom,9.6,mixed,negative,Comfortable bed and quite room,the lighting in the room is a bit harsh,the lighting in the room is a bit harsh. Comfortable bed and quite room.
r0498,511663,2017-01-20,Austria,7.9,mixed,positive,Quite close to centre and train station at nice silent area,Beds are not good for couples But it s common at German speaking countries,Quite close to centre and train station at nice silent area. Beds are not good for couples But it s common at German speaking countries.
r0499,183909,2017-08-02,United Kingdom,9.6,mixed,positive,Location was great and room was very comfortable Beautiful courtyard in the middle,Breakfast was a little over priced but staff was helpful,Location was great and room was very comfortable Beautiful courtyard in the middle. Breakfast was a little over priced but staff was helpful.
r0500,16314,2017-02-26,United Kingdom,10.0,mixed,positive,We did not take breakfast,View from the room Staffs friendly and helpful Great bars,We did not take breakfast. View from the room Staffs friendly and helpful Great bars.
r0501,85181,2017-07-25,France,9.6,mixed,positive,A lovely hotel with friendly staff We had a basic room which was quite small but very nice The bed was very comfortable A short walk to the metro and a big variety of restaurants Good wifi,The room was small for two people with big suitcases but it wasn t unbearable,A lovely hotel with friendly staff We had a basic room which was quite small but very nice The bed was very comfortable A short walk to the metro and a big variety of restaurants Good wifi. The room was small for two people with big suitcases but it wasn t unbearable.
r0502,466815,2017-01-26,Austria,10.0,mixed,negative,Location Breakfast Staff All,little noisy due to construction accrues the street,little noisy due to construction accrues the street. Location Breakfast Staff All.
r0503,275397,2017-05-10,Austria,8.3,mixed,negative,It is close to the City Hall Rathaus,The luggage storage staff,The luggage storage staff. It is close to the City Hall Rathaus.
r0504,178374,2017-02-19,France,10.0,mixed,negative,Very Nice welling,Left before finished my reservation,Left before finished my reservation. Very Nice welling.
r0505,404795,2017-05-29,Italy,9.6,mixed,negative,Excellent location with helpful staff and comfy room Would love to stay here again in the future if we travel to Milan,The elevators can get a bit slow sometimes during peak hours,The elevators can get a bit slow sometimes during peak hours. Excellent location with helpful staff and comfy room Would love to stay here again in the future if we travel to Milan.
r0506,320261,2017-05-19,United Kingdom,7.5,mixed,negative,ambience and location first class and reception service from Alex very helpful,Booking Hall restaurant while good old decor was rather slow in service and the hot breakfast buffet was sometimes barely warm Lighting was too dim also,Booking Hall restaurant while good old decor was rather slow in service and the hot breakfast buffet was sometimes barely warm Lighting was too dim also. ambience and location first class and reception service from Alex very helpful.
r0507,432837,2017-05-05,Spain,7.1,mixed,negative,Location Staff Umbrella Clean,The room was not sound proof at all Couldn t sleep it s like you are in the middle of public showers you hear every tap opening every toilet wash Mini bar was replaced because it didn t work and grew a lot of mold inside,The room was not sound proof at all Couldn t sleep it s like you are in the middle of public showers you hear every tap opening every toilet wash Mini bar was replaced because it didn t work and grew a lot of mold inside. Location Staff Umbrella Clean.
r0508,133491,2017-02-06,France,7.9,mixed,negative,great location nice hotel friendly helpful staff,would be great to have better choice of fresh vegetables and fruits for breakfast,would be great to have better choice of fresh vegetables and fruits for breakfast. great location nice hotel friendly helpful staff.
r0509,221826,2017-05-16,Italy,9.2,mixed,positive,A brand new hotel with a modern design You can easily go to the center by a tram or on foot if you don t mind waking The rooftop terrace lobby bar and SPA facilities are very nice We have really enjoyed our stay,For the moment there is a construction site just nearby so the view from our 2 rooms wasn t great I asked if we could have rooms with another view but unfortunately it wasn t possible,A brand new hotel with a modern design You can easily go to the center by a tram or on foot if you don t mind waking The rooftop terrace lobby bar and SPA facilities are very nice We have really enjoyed our stay. For the moment there is a construction site just nearby so the view from our 2 rooms wasn t great I asked if we could have rooms with another view but unfortunately it wasn t possible.
r0510,491442,2017-04-04,Italy,6.3,mixed,negative,The only good thing was the nice asian roomlady who cleaned the room perfectly and the driver who droves the free shuttle bus to the city,This has been the worst hotel that we ever stayed in we ve been to over 500 hotels so far in terms of service rooms Customer orientation The aircon was broken we had 32C in the room with our 2y old child Nobody cared Spa pool wasnt open They cheated us with taxes that we had to pay twice by check in and check out Stay AWAY from this hotel,This has been the worst hotel that we ever stayed in we ve been to over 500 hotels so far in terms of service rooms Customer orientation The aircon was broken we had 32C in the room with our 2y old child Nobody cared Spa pool wasnt open They cheated us with taxes that we had to pay twice by check in and check out Stay AWAY from this hotel. The only good thing was the nice asian roomlady who cleaned the room perfectly and the driver who droves the free shuttle bus to the city.
r0511,320846,2017-02-12,United Kingdom,10.0,mixed,positive,Fantastic overall experience would highly recommend,I wasn t staying longer,Fantastic overall experience would highly recommend. I wasn t staying longer.
r0512,512881,2017-03-06,United Kingdom,10.0,mixed,negative,everything was excellent staff food and overall very good,I was not told I had to give 50 in case of extras When I booked out the guy said it would be returned in 2 3 days onto my credit card,I was not told I had to give 50 in case of extras When I booked out the guy said it would be returned in 2 3 days onto my credit card. everything was excellent staff food and overall very good.
r0513,324575,2017-07-02,Austria,10.0,mixed,negative,A very nice hotel in central Vienna Our choice of room was a junior suite all of which are on the top floor and really quiet Very well appointed the beds were comfy and the rooms are air conditioned and spacious The bathroom was large and well stocked with essentials had a powerful shower over a bath which is unusual to find It s more usual to have just a shower Breakfast service was good with a wide variety on offer including hot options and as much as you wanted Staff were helpful attentive knowledgable and kind We would have no hesitation in staying again if we are visiting Vienna,There is no evening restaurant although very good bar snacks soups burgers salads etc are available and good value for central Vienna and prepared to order so this is more an observation than a dislike,There is no evening restaurant although very good bar snacks soups burgers salads etc are available and good value for central Vienna and prepared to order so this is more an observation than a dislike. A very nice hotel in central Vienna Our choice of room was a junior suite all of which are on the top floor and really quiet Very well appointed the beds were comfy and the rooms are air conditioned and spacious The bathroom was large and well stocked with essentials had a powerful shower over a bath which is unusual to find It s more usual to have just a shower Breakfast service was good with a wide variety on offer including hot options and as much as you wanted Staff were helpful attentive knowledgable and kind We would have no hesitation in staying again if we are visiting Vienna.
r0514,40568,2017-03-29,France,10.0,mixed,positive,Breakfast was expensive Should have gone for breakfast included,Thoroughly enjoyed our visit,Breakfast was expensive Should have gone for breakfast included. Thoroughly enjoyed our visit.
r0515,387958,2017-08-02,United Kingdom,8.8,mixed,positive,Good size room well soundproofed Modern finishes big shower Kettle in room,Bigger choice of pillows Reception generally very friendly but check in not handled well,Good size room well soundproofed Modern finishes big shower Kettle in room. Bigger choice of pillows Reception generally very friendly but check in not handled well.
r0516,206201,2017-05-18,United Kingdom,7.9,mixed,negative,Overall nice hotel Good location and th staff was nice,The bed wasn t that comfy I couldn t work out how to use the air con and it felt slightly cramped,The bed wasn t that comfy I couldn t work out how to use the air con and it felt slightly cramped. Overall nice hotel Good location and th staff was nice.
r0517,341304,2017-07-31,Netherlands,9.6,mixed,positive,Lounge area free bar was very pleasant to comeback to after each full day of tripping around Extremely well located and comfortable,Shower space was a bit cramped mainly due to it being somewhat narrow,Lounge area free bar was very pleasant to comeback to after each full day of tripping around Extremely well located and comfortable. Shower space was a bit cramped mainly due to it being somewhat narrow.
r0518,324586,2017-05-17,Austria,9.6,mixed,positive,We treated ourselves to a small suite Well worth the added cost Very comfortable Located between Opera Karlskirch the Nascht market Only 5 min walk to Opera the Ringstrasse and fab Kartnerstrasse pedestrian only great vibe with shops dining people watching ending at St Steven cathedral Hotel close to bus tram metro GREAT breakfast Excellent staff 15 min Walk to museum quarter Vienna is THE classic European city,Add a daily newspaper,We treated ourselves to a small suite Well worth the added cost Very comfortable Located between Opera Karlskirch the Nascht market Only 5 min walk to Opera the Ringstrasse and fab Kartnerstrasse pedestrian only great vibe with shops dining people watching ending at St Steven cathedral Hotel close to bus tram metro GREAT breakfast Excellent staff 15 min Walk to museum quarter Vienna is THE classic European city. Add a daily newspaper.
r0519,282520,2017-03-09,Spain,3.8,mixed,positive,Please don t stay here felt completely tricked by the pictures online Room was very small much smaller than the hotel Pictures and was not properly sealed Smoke from the other properties lifted into our room all day and all night We emailed the property to inquire why our room was stinking of smoke ongoing no one could even take the time to email me back Did we forget to mention that we were travelling with young child both allergic to ciggrate smoke,Condition of the hotel room was completely unacceptable,Please don t stay here felt completely tricked by the pictures online Room was very small much smaller than the hotel Pictures and was not properly sealed Smoke from the other properties lifted into our room all day and all night We emailed the property to inquire why our room was stinking of smoke ongoing no one could even take the time to email me back Did we forget to mention that we were travelling with young child both allergic to ciggrate smoke. Condition of the hotel room was completely unacceptable.
r0520,494466,2017-03-22,Italy,8.8,mixed,negative,Staff were very helpful Especially in giving information on what I could do and where to go,Room service charges could be more visible,Room service charges could be more visible. Staff were very helpful Especially in giving information on what I could do and where to go.
r0521,352910,2017-07-04,Austria,7.5,mixed,negative,Location was good Enjoyed the ambience,I can t think if anything,I can t think if anything. Location was good Enjoyed the ambience.
r0522,80478,2017-07-05,United Kingdom,7.9,mixed,positive,Great location good breakfast buffet friendly efficient staff,Smallest hotel room I ve ever stayed in No window view brick wall right outside so limited natural light,Great location good breakfast buffet friendly efficient staff. Smallest hotel room I ve ever stayed in No window view brick wall right outside so limited natural light.
r0523,85575,2017-02-02,United Kingdom,9.2,mixed,negative,Updated gym and swimming pool complex Sociable lounge area and restaurant Good size rooms and comfortable beds Location for anyone needing to be close to Blackfriars South Bank The street has a costa sainsburys local pub etc therefore the hotel is well positioned,Breakfast price is steep c 20GBP,Breakfast price is steep c 20GBP. Updated gym and swimming pool complex Sociable lounge area and restaurant Good size rooms and comfortable beds Location for anyone needing to be close to Blackfriars South Bank The street has a costa sainsburys local pub etc therefore the hotel is well positioned.
r0524,217165,2017-05-19,United Kingdom,5.8,mixed,positive,Very nice area and clean hotel close to Hyde park,To room to small for 2 people and the breakfast was sparingly no scamble eggs and bacon in a hotel in London So to expensive pr night We had one day with rain all day would have been nice if we could have borrowed an umbrella,Very nice area and clean hotel close to Hyde park. To room to small for 2 people and the breakfast was sparingly no scamble eggs and bacon in a hotel in London So to expensive pr night We had one day with rain all day would have been nice if we could have borrowed an umbrella.
r0525,28246,2017-03-03,France,7.5,mixed,negative,Close to transport system and centre of Paris,Unexpected tax bill on departure as I had prepaid for the room,Unexpected tax bill on departure as I had prepaid for the room. Close to transport system and centre of Paris.
r0526,327515,2017-07-27,Spain,8.8,mixed,negative,Rooftop pool location,Restaurants nearby not great restaurant in hotel quite bleak we were encouraged not to eat there by the staff,Restaurants nearby not great restaurant in hotel quite bleak we were encouraged not to eat there by the staff. Rooftop pool location.
r0527,357212,2017-07-18,United Kingdom,7.1,mixed,negative,Basic amenities good location,Room was over a party function room loud noise meant we had to request to be moved fortunately there was a spare room available and staff were helpful in moving us Bit disappointed that although we have stayed many times at this hotel there is no recognition other hotels are much more on the ball and although I don t want to be best mates with the reception an acknowledgement would be nice,Room was over a party function room loud noise meant we had to request to be moved fortunately there was a spare room available and staff were helpful in moving us Bit disappointed that although we have stayed many times at this hotel there is no recognition other hotels are much more on the ball and although I don t want to be best mates with the reception an acknowledgement would be nice. Basic amenities good location.
r0528,186015,2017-06-12,United Kingdom,8.3,mixed,positive,Great location for the Royal Albert Hall and Museums Lovely quiet area Room was small but just what was needed to rest my head for the night Staff were friendly and polite Clean and tidy,Bath room was very small but I managed ok and it had all I needed,Great location for the Royal Albert Hall and Museums Lovely quiet area Room was small but just what was needed to rest my head for the night Staff were friendly and polite Clean and tidy. Bath room was very small but I managed ok and it had all I needed.
r0529,114563,2017-07-16,United Kingdom,3.3,mixed,positive,Size of room,Very dirty Cleaners don t clean Walls too thin you can hear people having sex like they are with you in the same bed Staff are very unhelpful,Size of room. Very dirty Cleaners don t clean Walls too thin you can hear people having sex like they are with you in the same bed Staff are very unhelpful.
r0530,178451,2017-03-12,France,3.3,mixed,positive,Metro access Nice sofa,The room was overpriced It is not really a 4 star hotel Hair on the sheet and bathroom No kettle in the room I was charged 4 euros for coffee Breakfast is 15 euros and you d expect proper breakfast for that price Coffee is served by waiter Expect to be judged if you want a refill Staff is polite though Is it not the least,Metro access Nice sofa. The room was overpriced It is not really a 4 star hotel Hair on the sheet and bathroom No kettle in the room I was charged 4 euros for coffee Breakfast is 15 euros and you d expect proper breakfast for that price Coffee is served by waiter Expect to be judged if you want a refill Staff is polite though Is it not the least.
r0531,336818,2017-01-17,United Kingdom,10.0,mixed,positive,I can t think of anything I didn t like about the hotel or my stay From the minute we arrived all the staff were friendly and helpful Nothing was too much trouble The bar offered amazing cocktails and the barman was very knowledgeable The late breakfast on Sunday till 12 and late check out 2pm added to the stay,There s nothing not to like about this hotel,I can t think of anything I didn t like about the hotel or my stay From the minute we arrived all the staff were friendly and helpful Nothing was too much trouble The bar offered amazing cocktails and the barman was very knowledgeable The late breakfast on Sunday till 12 and late check out 2pm added to the stay. There s nothing not to like about this hotel.
r0532,454259,2017-06-11,United Kingdom,8.3,mixed,negative,Breakfast options were great good variety and quality Good location to the O2,Ice machine wasn t working on our floor No fresh air inability to open windows,Ice machine wasn t working on our floor No fresh air inability to open windows. Breakfast options were great good variety and quality Good location to the O2.
r0533,19594,2017-03-14,United Kingdom,10.0,mixed,positive,Location Staff were very good Beds really comfy Very quiet,Room was very dark lighting very poor,Location Staff were very good Beds really comfy Very quiet. Room was very dark lighting very poor.
r0534,445311,2017-03-30,Netherlands,9.6,mixed,negative,Great Location easy access to metro restauraunts just accross the road and nice bar,Smoking area upstairs could do with some renovations,Smoking area upstairs could do with some renovations. Great Location easy access to metro restauraunts just accross the road and nice bar.
r0535,389281,2017-04-25,Spain,8.3,mixed,negative,Convenient clean close nice modern minimalistic,Very thin walls till midnight constant loud noise from other rooms Breakfast does not worth at all and located in the basement you cannot really drink coffe and smoke ourside Tv has nearle nothing just checked briefly had only 6 channels in bad quality Big areas in the building but small rooms Staff not really kind ig you arrive late or leave early,Very thin walls till midnight constant loud noise from other rooms Breakfast does not worth at all and located in the basement you cannot really drink coffe and smoke ourside Tv has nearle nothing just checked briefly had only 6 channels in bad quality Big areas in the building but small rooms Staff not really kind ig you arrive late or leave early. Convenient clean close nice modern minimalistic.
r0536,316786,2017-06-20,United Kingdom,5.8,mixed,positive,Nice room and good location,The spa was awful Dirty dated Felt like I needed a wash after leaving the place The rest of the hotel is fine and as you would expect but the spa should either be completely refurbished or shut down as it brings down an othewise nice hotel,Nice room and good location. The spa was awful Dirty dated Felt like I needed a wash after leaving the place The rest of the hotel is fine and as you would expect but the spa should either be completely refurbished or shut down as it brings down an othewise nice hotel.
r0537,71536,2017-07-08,France,7.5,mixed,negative,The staff is very friendly and the hotel is in a quiet street The bed was very comfortable,I had a stargazer room which was very original but small especially the closet For one person and one or two nights it s okay but not for longer and certainly not for a couple,I had a stargazer room which was very original but small especially the closet For one person and one or two nights it s okay but not for longer and certainly not for a couple. The staff is very friendly and the hotel is in a quiet street The bed was very comfortable.
r0538,66400,2017-04-25,United Kingdom,7.5,mixed,negative,Great view of the Thames from the room,Awful coffee in the room,Awful coffee in the room. Great view of the Thames from the room.
r0539,80729,2017-06-20,United Kingdom,7.1,mixed,negative,Room very small but for one OK ground flool so no view Great Breakfast Man on Reception quit rude,Man that booked me in quite rude,Man that booked me in quite rude. Room very small but for one OK ground flool so no view Great Breakfast Man on Reception quit rude.
r0540,169797,2017-07-05,United Kingdom,10.0,mixed,positive,The room is bigger than your average London hotel room We loved the added bonus of floor to ceiling windows and a terrace balcony 10 minute walk to either Queensway Bayswater or Paddington tube train stations Quiet location overlooking the private community garden in the square,You couldn t lie in bed to watch TV,The room is bigger than your average London hotel room We loved the added bonus of floor to ceiling windows and a terrace balcony 10 minute walk to either Queensway Bayswater or Paddington tube train stations Quiet location overlooking the private community garden in the square. You couldn t lie in bed to watch TV.
r0541,417190,2017-04-22,United Kingdom,7.5,mixed,positive,Shower was fab room and tv all excellent,Pillows flattened out when slept on,Shower was fab room and tv all excellent. Pillows flattened out when slept on.
r0542,404278,2017-06-17,Italy,8.8,mixed,negative,Breakfast fabulous Bed extremely luxurious The staff were charming helpful and faultless,It was extremely expensive with nothing included apart from charming staff,It was extremely expensive with nothing included apart from charming staff. Breakfast fabulous Bed extremely luxurious The staff were charming helpful and faultless.
r0543,442810,2017-02-24,United Kingdom,9.6,mixed,negative,Staff couldn t do enough to help Rooms very spacious and comfortable,Price of drinks in the bar expensive,Price of drinks in the bar expensive. Staff couldn t do enough to help Rooms very spacious and comfortable.
r0544,106974,2017-03-10,France,7.1,mixed,negative,The concierges at the front desk were very professional helpful and kind,The size of the room was small it felt cramped Additionally the design was not good the sink was was in another room far from the restroom Maybe it should be four stars hotel not five,The size of the room was small it felt cramped Additionally the design was not good the sink was was in another room far from the restroom Maybe it should be four stars hotel not five. The concierges at the front desk were very professional helpful and kind.
r0545,401712,2017-07-23,Spain,4.2,mixed,positive,The hotel was across from the mall and a block away from the beach Location was the only good thing about this hotel,1 Rooms were outdated furniture was old carpet in the room was smelly mold around the shower beds were uncomfortable 2 Elevators were very slow 3 Dirty hallways leading to the rooms 4 21 Euro was a bit much for the breakfast It was not worth that much 5 PuroBeach is over rated and expensive 15 Euro for a cocktail 50 euro for a sun bed and that s just the basic Hotel guests have to pay and don t get pool amenities included 6 Front desk area was very unorganized No where to stand to wait for the receptionist Everyone was standing all over the place,The hotel was across from the mall and a block away from the beach Location was the only good thing about this hotel. 1 Rooms were outdated furniture was old carpet in the room was smelly mold around the shower beds were uncomfortable 2 Elevators were very slow 3 Dirty hallways leading to the rooms 4 21 Euro was a bit much for the breakfast It was not worth that much 5 PuroBeach is over rated and expensive 15 Euro for a cocktail 50 euro for a sun bed and that s just the basic Hotel guests have to pay and don t get pool amenities included 6 Front desk area was very unorganized No where to stand to wait for the receptionist Everyone was standing all over the place.
r0546,470054,2017-04-23,Italy,9.2,mixed,positive,Well situated hotel near the center of Milano Good breakfast and the terrace bar on the roof,The price of the drinks and food try to visit any restaurant around the hotel wide possibilities,Well situated hotel near the center of Milano Good breakfast and the terrace bar on the roof. The price of the drinks and food try to visit any restaurant around the hotel wide possibilities.
r0547,326992,2017-03-07,United Kingdom,8.3,mixed,positive,Very English Good value for money in an expensive city Have stayed there many times before,Room was very hot,Very English Good value for money in an expensive city Have stayed there many times before. Room was very hot.
r0548,474495,2017-06-28,Italy,9.6,mixed,positive,Excellent location at the end of via Manzoni walking distance to Duomo La Scala Brera major shopping areas restaurants etc close to the underground easy to reach by car Comfortable room first rate breakfast helpful and friendly staff All that at a reasonable price for a major city like Milano,Parking costs EUR39 day We found a few even more centrally located hotels that should put a premium on parking but still seemed to agree on EUR24 day In the end the Cavour turned out a cost effective solution overall but the cost of the parking component looks excessive Parking is on site and quite convenient though,Excellent location at the end of via Manzoni walking distance to Duomo La Scala Brera major shopping areas restaurants etc close to the underground easy to reach by car Comfortable room first rate breakfast helpful and friendly staff All that at a reasonable price for a major city like Milano. Parking costs EUR39 day We found a few even more centrally located hotels that should put a premium on parking but still seemed to agree on EUR24 day In the end the Cavour turned out a cost effective solution overall but the cost of the parking component looks excessive Parking is on site and quite convenient though.
r0549,460404,2017-07-14,Netherlands,6.3,mixed,negative,The bed was very comfortable,No supplies in the fridge towels were too small,No supplies in the fridge towels were too small. The bed was very comfortable.
r0550,49403,2017-07-02,France,9.6,mixed,positive,The hotel is located in close proximity to many of the top attraction which are walkable We used an Uber to visit the the Eiffel Tower and getting a car was easy and cost effective The hotel has A C which was a necessity because of the 100F temperatures during our visit Our room had access to the 2nd floor patio so that made the stay extra special Staff was friendly and knew English well enough to help us every time we had questions,The only thing that was a bit annoying was the shower Not exclusive to this hotel but when using the shower as a shower and not as a hand sprayer the water tends to get all over the bathroom floor requiring post shower clean up I guess shower curtains are not widely used in Europe American point of view of course,The hotel is located in close proximity to many of the top attraction which are walkable We used an Uber to visit the the Eiffel Tower and getting a car was easy and cost effective The hotel has A C which was a necessity because of the 100F temperatures during our visit Our room had access to the 2nd floor patio so that made the stay extra special Staff was friendly and knew English well enough to help us every time we had questions. The only thing that was a bit annoying was the shower Not exclusive to this hotel but when using the shower as a shower and not as a hand sprayer the water tends to get all over the bathroom floor requiring post shower clean up I guess shower curtains are not widely used in Europe American point of view of course.
r0551,468086,2017-06-21,Spain,5.8,mixed,negative,Clean nice pool,Very small rooms old furniture,Very small rooms old furniture. Clean nice pool.
r0552,236142,2017-06-20,United Kingdom,8.8,mixed,positive,Good location and easy to get to You just need to remember there s a Hilton Tower Hill and a Hilton Tower Bridge The Sky Lounge is pretty good Very pleasant and efficient staff I liked the breakfast and there s enough choice,Room furniture a little on the spartan side I had to do some work but it wouldn t bother most people,Good location and easy to get to You just need to remember there s a Hilton Tower Hill and a Hilton Tower Bridge The Sky Lounge is pretty good Very pleasant and efficient staff I liked the breakfast and there s enough choice. Room furniture a little on the spartan side I had to do some work but it wouldn t bother most people.
r0553,317568,2017-05-22,United Kingdom,9.6,mixed,negative,bed mattress was poor everything else all ok restaurants all closed at 11 30 so no chance to use,notmucch was a comfortable stay,notmucch was a comfortable stay. bed mattress was poor everything else all ok restaurants all closed at 11 30 so no chance to use.
r0554,455792,2017-03-05,United Kingdom,7.5,mixed,negative,Excellent location Spacious room,Reception desk staff uninterested not at all service oriented Shower in slippery bathtub,Reception desk staff uninterested not at all service oriented Shower in slippery bathtub. Excellent location Spacious room.
r0555,176156,2017-02-13,United Kingdom,10.0,mixed,negative,The room was lovely and clean bed was super comfy Staff was very friendly Quaint swanmy place to stay when on business or on the move 5,I was unable to pay for later check out as they was fully booked and needed the room cleaned by 14 00 but was lovely Definitely coming again,I was unable to pay for later check out as they was fully booked and needed the room cleaned by 14 00 but was lovely Definitely coming again. The room was lovely and clean bed was super comfy Staff was very friendly Quaint swanmy place to stay when on business or on the move 5.
r0556,195661,2017-01-16,United Kingdom,7.1,mixed,negative,Great location in central London close to shops restaurants and London Underground,Room very small rather tired looking and lacking a nice view TV was also not great and I didn t like the fact that the bathroom door which faced the bed was see through So much for privacy,Room very small rather tired looking and lacking a nice view TV was also not great and I didn t like the fact that the bathroom door which faced the bed was see through So much for privacy. Great location in central London close to shops restaurants and London Underground.
r0557,290174,2017-06-11,United Kingdom,7.1,mixed,positive,The location sets this place apart clean and for London very spacious rooms right on the doorstep of Oxford St and the Central Line,The cleaning staff took an age to arrive each days most days my room wasn t cleaned until 5pm They also ignore the do not disturb light and I had a bath interrupted,The location sets this place apart clean and for London very spacious rooms right on the doorstep of Oxford St and the Central Line. The cleaning staff took an age to arrive each days most days my room wasn t cleaned until 5pm They also ignore the do not disturb light and I had a bath interrupted.
r0558,106097,2017-03-24,France,7.9,mixed,positive,The decor is very nice,The bed not confortable,The decor is very nice. The bed not confortable.
r0559,176061,2017-07-07,United Kingdom,7.5,mixed,positive,Quite and neat place to stay in,My stay in this hotel was in Holly month of Ramadan when all Moslims are fasting and our reservation was including breakfast I tried many times to fix it and the staff promised that they will fix it before checking out but unfortunately they charged me the full price including the breakfast charge,Quite and neat place to stay in. My stay in this hotel was in Holly month of Ramadan when all Moslims are fasting and our reservation was including breakfast I tried many times to fix it and the staff promised that they will fix it before checking out but unfortunately they charged me the full price including the breakfast charge.
r0560,234242,2017-03-19,United Kingdom,6.7,mixed,positive,The bed was comfortable and wifi,No hot water for showers No full English breakfast toaster was broken and the cereal was out of date breakfast was poor,The bed was comfortable and wifi. No hot water for showers No full English breakfast toaster was broken and the cereal was out of date breakfast was poor.
r0561,375498,2017-03-19,United Kingdom,7.5,mixed,negative,The staff were really nice and welcoming Excellent location for shoppers,The rooms were a little worn out bed pillows were not comfortable,The rooms were a little worn out bed pillows were not comfortable. The staff were really nice and welcoming Excellent location for shoppers.
r0562,86444,2017-01-02,United Kingdom,7.1,mixed,positive,The staff on reception were very friendly and very helpful The cleaning staff were very friendly and the room was very clean,We had to wait 45 minutes for a bowl of chips although we were the only ones there turns out the lady behind the bar did nt put it through the till No apology or explanation Issues with the drains but no warning until we got on to our floor and could smell the worse smell ever Breakfast on the first day was cold and very dis organised Complained about the above and breakfast was lovely the next day and the staff at the desk sorted our complaint out straight away,The staff on reception were very friendly and very helpful The cleaning staff were very friendly and the room was very clean. We had to wait 45 minutes for a bowl of chips although we were the only ones there turns out the lady behind the bar did nt put it through the till No apology or explanation Issues with the drains but no warning until we got on to our floor and could smell the worse smell ever Breakfast on the first day was cold and very dis organised Complained about the above and breakfast was lovely the next day and the staff at the desk sorted our complaint out straight away.
r0563,142026,2017-02-24,United Kingdom,10.0,mixed,negative,Everything staff particularly friendly and helpful I,Everything first rate nothing more to say,Everything first rate nothing more to say. Everything staff particularly friendly and helpful I.
r0564,482410,2017-06-14,Italy,5.4,mixed,positive,The staff is very nice and helpful good breakfast,The place is almost out of the city From Novotel to the dom for example 40 minutes by tram or 30 euro cab ride Not very clean,The staff is very nice and helpful good breakfast. The place is almost out of the city From Novotel to the dom for example 40 minutes by tram or 30 euro cab ride Not very clean.
r0565,432839,2017-04-22,Spain,5.0,mixed,positive,The Location was good the maids kept the room clean,The family room was not laid out particularly well for instance all four of us slept in the same room but there were two very hard double beds We have one boy and girl who had to share a bed not very young children so this was an issue When asked at the reception if they has any mattress toppers or way of making the beds more comfortable we were told no They could not help or offer any assistance An expensive room for the comfort level provided Breakfast was also very expensive at 19 euros pppn 76 euros for breakfast I think not So we ate breakfast at one of the many local places for approx 24 euros for all four of us No onsite restaurant for an evening meal if we did not want to venture out,The Location was good the maids kept the room clean. The family room was not laid out particularly well for instance all four of us slept in the same room but there were two very hard double beds We have one boy and girl who had to share a bed not very young children so this was an issue When asked at the reception if they has any mattress toppers or way of making the beds more comfortable we were told no They could not help or offer any assistance An expensive room for the comfort level provided Breakfast was also very expensive at 19 euros pppn 76 euros for breakfast I think not So we ate breakfast at one of the many local places for approx 24 euros for all four of us No onsite restaurant for an evening meal if we did not want to venture out.
r0566,211185,2017-02-16,France,10.0,mixed,positive,We loved the spacious room with a lovely bathroom and efficient friendly staff Located right by a Metro stop it was the perfect combination,BBC TV would be nice,We loved the spacious room with a lovely bathroom and efficient friendly staff Located right by a Metro stop it was the perfect combination. BBC TV would be nice.
r0567,441245,2017-03-19,United Kingdom,6.7,mixed,positive,Location clean hotel modern nice big tv handy coffee snack bar in lobby,The room was too hot and had an unpleasant sweaty smell the check in was extremmly slow not enough decaf coffee sachets and no biscuits in room,Location clean hotel modern nice big tv handy coffee snack bar in lobby. The room was too hot and had an unpleasant sweaty smell the check in was extremmly slow not enough decaf coffee sachets and no biscuits in room.
r0568,360514,2017-01-05,Spain,7.9,mixed,positive,The location to walk around however noisy,Very noise the street side where our room was assigned And the bed was very uncomfortable a double bed made of two twins and it gave us the feeling that they would get split while sleep we request a change and there were not availability However the last night they moved us to a very good room and quieter side and we sleep very well,The location to walk around however noisy. Very noise the street side where our room was assigned And the bed was very uncomfortable a double bed made of two twins and it gave us the feeling that they would get split while sleep we request a change and there were not availability However the last night they moved us to a very good room and quieter side and we sleep very well.
r0569,256355,2017-05-08,United Kingdom,9.6,mixed,positive,Our welcome was polite and as if we were old friends returning Our room was spotless the bed comfortable and we wanted to take the shower home with us The hotel itself is a delight with highly original and charming decor and excellent food and service,Food is somewhat pricey,Our welcome was polite and as if we were old friends returning Our room was spotless the bed comfortable and we wanted to take the shower home with us The hotel itself is a delight with highly original and charming decor and excellent food and service. Food is somewhat pricey.
r0570,310624,2017-01-02,Netherlands,8.8,mixed,positive,Super confortable bed excellent breakfast very nice staff,Little bit far from the center but well connected with the metro,Super confortable bed excellent breakfast very nice staff. Little bit far from the center but well connected with the metro.
r0571,14718,2017-02-05,United Kingdom,9.2,mixed,negative,Very comfy bed and lovely room Excellent shower and breakfast Very friendly and helpful staff and room service was quick We loved the decor and the relaxed atmosphere and we were in such a good location for theatre going and restaurants,It would have been nice to include tea coffee making facilities in the room and a pen or two along with the letter writing things rather than a pencil When we stayed in the Covent Garden Hotel we were all given a free scented candle A few more treats and trimmings for the price of the room would have been nice though we had a really good stay,It would have been nice to include tea coffee making facilities in the room and a pen or two along with the letter writing things rather than a pencil When we stayed in the Covent Garden Hotel we were all given a free scented candle A few more treats and trimmings for the price of the room would have been nice though we had a really good stay. Very comfy bed and lovely room Excellent shower and breakfast Very friendly and helpful staff and room service was quick We loved the decor and the relaxed atmosphere and we were in such a good location for theatre going and restaurants.
r0572,58752,2017-04-16,United Kingdom,9.5,mixed,positive,Lovely hotel very good technology and style in room Spa was great,Sauna was not working in spa,Lovely hotel very good technology and style in room Spa was great. Sauna was not working in spa.
r0573,491451,2017-01-23,Italy,8.3,mixed,positive,The total product was good in comparison to other similar and the price was good,The fact that I had to get out of the main building to go to the bedroom B building but then I realized that there are 5 different buildings but this does not really effect the product,The total product was good in comparison to other similar and the price was good. The fact that I had to get out of the main building to go to the bedroom B building but then I realized that there are 5 different buildings but this does not really effect the product.
r0574,478364,2017-05-07,Italy,7.5,mixed,negative,Clean and tidy Small rooms but with everything in place Continental breakfast nothing special but OK,It s quite far from the city center and the way to the underground for pedestrians is a bit scary I think a lower price would have been more fair,It s quite far from the city center and the way to the underground for pedestrians is a bit scary I think a lower price would have been more fair. Clean and tidy Small rooms but with everything in place Continental breakfast nothing special but OK.
r0575,201928,2017-06-10,France,7.1,mixed,negative,The lifesaver for us was the heated towel rail in the bathroom on which we managed to dry our clothes after getting totally drenched in the rain The bedding was beautiful and the bed comfy,Our room was tiny but I believe they have larger ones The place is Undergoing some renovation It is a little tired old and dusty,Our room was tiny but I believe they have larger ones The place is Undergoing some renovation It is a little tired old and dusty. The lifesaver for us was the heated towel rail in the bathroom on which we managed to dry our clothes after getting totally drenched in the rain The bedding was beautiful and the bed comfy.
r0576,511340,2017-06-27,Austria,7.5,mixed,negative,The breakfast was superb both in quality and atmosphere The location is convenient to public transportation and close to the city center,The hotel building is old and needs better maintenance The carpets and furnishings were elderly and worn The lack of air conditioning on an early summer night made the room uncomfortably warm,The hotel building is old and needs better maintenance The carpets and furnishings were elderly and worn The lack of air conditioning on an early summer night made the room uncomfortably warm. The breakfast was superb both in quality and atmosphere The location is convenient to public transportation and close to the city center.
r0577,362237,2017-04-06,United Kingdom,9.6,mixed,positive,Comfy bed pillows hard otherwise good,Pillows too hard and high,Comfy bed pillows hard otherwise good. Pillows too hard and high.
r0578,242391,2017-04-30,United Kingdom,2.5,mixed,negative,Breakfast was way above the low standard of the hotel,I booked a cabinn The room was very very small the windows was broken and room temperature was around 12 degrees The room was so small and dark that everything seemed dirty Cracks in the sealing with discoloring around them Bathroom floor was ice cold I booked it for two days left after one with no refund of the second day but would not stay there a day more for obvious reasons So Please think twice before booking a cabinn and don t do it if the quality of the room matters to you,I booked a cabinn The room was very very small the windows was broken and room temperature was around 12 degrees The room was so small and dark that everything seemed dirty Cracks in the sealing with discoloring around them Bathroom floor was ice cold I booked it for two days left after one with no refund of the second day but would not stay there a day more for obvious reasons So Please think twice before booking a cabinn and don t do it if the quality of the room matters to you. Breakfast was way above the low standard of the hotel.
r0579,85570,2017-02-12,United Kingdom,8.3,mixed,negative,Staff were polite and friendly Breakfast buffet was great Comfortable beds,The room was beyonc basic Expected more from hilton and because of location,The room was beyonc basic Expected more from hilton and because of location. Staff were polite and friendly Breakfast buffet was great Comfortable beds.
r0580,436913,2017-01-24,United Kingdom,9.6,mixed,negative,I Like the location the price and the facilities,The room is a bit small,The room is a bit small. I Like the location the price and the facilities.
r0581,369614,2017-07-26,Netherlands,9.6,mixed,negative,Great location Nice outside seating areas Beautiful bar and restaurant,Lobby is small and lacks character,Lobby is small and lacks character. Great location Nice outside seating areas Beautiful bar and restaurant.
r0582,194942,2017-01-23,France,6.7,mixed,positive,close to the center,the room was to small and the bedroom too tight,close to the center. the room was to small and the bedroom too tight.
r0583,476213,2017-07-15,Italy,5.0,mixed,positive,Room lovely and clean,Building work happening in hotel and lots of banging from really early in the morning plus water not available from 11 4 on one particular day Not good,Room lovely and clean. Building work happening in hotel and lots of banging from really early in the morning plus water not available from 11 4 on one particular day Not good.
r0584,237479,2017-06-07,United Kingdom,7.1,mixed,positive,The location was good,I thought the breakfast was little disappointing for the money,The location was good. I thought the breakfast was little disappointing for the money.
r0585,190432,2017-03-12,United Kingdom,6.3,mixed,negative,Good sized familily room with incl breakfast,The sofa bed for the kids was extremely uncomfortable the kids ended up in the main bed with dad on the sofa bed,The sofa bed for the kids was extremely uncomfortable the kids ended up in the main bed with dad on the sofa bed. Good sized familily room with incl breakfast.
r0586,346245,2017-01-02,Netherlands,7.1,mixed,positive,Liked the fact we had connecting rooms,Tv channel options and cleaning was only done in the morning,Liked the fact we had connecting rooms. Tv channel options and cleaning was only done in the morning.
r0587,17555,2017-04-28,France,7.9,mixed,negative,Very friendly and helpful staff very good wifi good location 5 minutes away from Bastille by walking distance clean,Tiny room for 150 EUR per night,Tiny room for 150 EUR per night. Very friendly and helpful staff very good wifi good location 5 minutes away from Bastille by walking distance clean.
r0588,155019,2017-01-28,United Kingdom,6.3,mixed,positive,Food and breakfast was good Check in was fast Could watch the fireworks on New Year s Eve from roof terrace,Service at the restaurant Room temperature not easy to control Bed super uncomfortable Party disco right above the room Shower controls Spa facilities not offered,Food and breakfast was good Check in was fast Could watch the fireworks on New Year s Eve from roof terrace. Service at the restaurant Room temperature not easy to control Bed super uncomfortable Party disco right above the room Shower controls Spa facilities not offered.
r0589,372812,2017-06-20,United Kingdom,6.3,mixed,negative,Room was nice,Prices were extortionate even by Londons standards Breakfast 30 each I was charged nearly 40 for one straight drink in the bar There is a tray in the room with a few goodies on which is part of the minibar but some friend thought this was complimentary as it was next to the tea and coffee facility and were charged the earth for it very misleading We stay in London often and have stayed in 4 5 hotels and never been ripped of like this before in fact we usually receive complimentaries expected more from a Jumeriah Room was small for a 5 property check in process was ridiculously long and the front desk puts 100 block on your debit card on arrival to cover extras given the appauling costs of the extras its easy to see why,Prices were extortionate even by Londons standards Breakfast 30 each I was charged nearly 40 for one straight drink in the bar There is a tray in the room with a few goodies on which is part of the minibar but some friend thought this was complimentary as it was next to the tea and coffee facility and were charged the earth for it very misleading We stay in London often and have stayed in 4 5 hotels and never been ripped of like this before in fact we usually receive complimentaries expected more from a Jumeriah Room was small for a 5 property check in process was ridiculously long and the front desk puts 100 block on your debit card on arrival to cover extras given the appauling costs of the extras its easy to see why. Room was nice.
r0590,170466,2017-04-25,United Kingdom,10.0,mixed,positive,the bed was so comfortable the staff all helpfull and kind The best possible location for a hotel right next to Buckingham palace nice style hotel,we had to leave,the bed was so comfortable the staff all helpfull and kind The best possible location for a hotel right next to Buckingham palace nice style hotel. we had to leave.
r0591,123130,2017-07-30,France,9.2,mixed,negative,Modern room layout,Lack of bathroom mechanical ventilation,Lack of bathroom mechanical ventilation. Modern room layout.
r0592,417949,2017-08-03,United Kingdom,7.1,mixed,positive,The bed was very comfy and lovely toiletries in the room Nice historical building The grill restaurant was very nice although too expensive Some of the staff were very nice but are the exception not the norm,Many of the staff were borderline rude and we had to complain twice about very rude staff We did think that the hotel values more pretentious clients and didn t feel welcome The management did listen to our complaints and were very convincing that things would change The hotel is very new and these maybe teething troubles The food in the many restaurants was not very good and certainly not worth the money,The bed was very comfy and lovely toiletries in the room Nice historical building The grill restaurant was very nice although too expensive Some of the staff were very nice but are the exception not the norm. Many of the staff were borderline rude and we had to complain twice about very rude staff We did think that the hotel values more pretentious clients and didn t feel welcome The management did listen to our complaints and were very convincing that things would change The hotel is very new and these maybe teething troubles The food in the many restaurants was not very good and certainly not worth the money.
r0593,494458,2017-04-26,Italy,10.0,mixed,negative,The bed and pillows were extremely comfortable,All was good,All was good. The bed and pillows were extremely comfortable.
r0594,435833,2017-05-04,Austria,7.5,mixed,positive,The hotel is centrally located and if one is into dim decor the room is nice,The decor is a bit stuffy I m not a fan of having a big window but little day light in the room doesn t make for a very attractive environment for working There is also no wash basin in the toilet one has to walk across the room to wash one s hands The breakfast was quite pricey for its content,The hotel is centrally located and if one is into dim decor the room is nice. The decor is a bit stuffy I m not a fan of having a big window but little day light in the room doesn t make for a very attractive environment for working There is also no wash basin in the toilet one has to walk across the room to wash one s hands The breakfast was quite pricey for its content.
r0595,64188,2017-05-16,United Kingdom,7.1,mixed,positive,The bed was really uncomfortable it was like sleeping on a rock reception was impressive but the rooms were shabby and in need of updating the decor was very tired,The bed was so uncomfy,The bed was really uncomfortable it was like sleeping on a rock reception was impressive but the rooms were shabby and in need of updating the decor was very tired. The bed was so uncomfy.
r0596,299913,2017-07-31,Spain,4.2,mixed,negative,Breakfast was good ac in the room was great,Pricy for what it is Rooms are very small not the best service the doors didn t lock properly The ac kept breaking down in one of the rooms,Pricy for what it is Rooms are very small not the best service the doors didn t lock properly The ac kept breaking down in one of the rooms. Breakfast was good ac in the room was great.
r0597,218687,2017-07-18,United Kingdom,2.5,mixed,negative,The service was terrible The staff were rude,The Service Staff were very rude Had to ask 3 or 4 times to get am extra blanket took them 2 days to deliver it,The Service Staff were very rude Had to ask 3 or 4 times to get am extra blanket took them 2 days to deliver it. The service was terrible The staff were rude.
r0598,196120,2017-02-20,United Kingdom,8.8,mixed,negative,The bed was extremely comfortable Very clean rooms staff very friendly helpful,Would be nice to have some bacon with the breakfast,Would be nice to have some bacon with the breakfast. The bed was extremely comfortable Very clean rooms staff very friendly helpful.
r0599,342301,2017-06-06,Austria,9.6,mixed,negative,Good sized room excellent location and able to walk to everything immaculate circulation areas staff professional and helpful,Too short a stay,Too short a stay. Good sized room excellent location and able to walk to everything immaculate circulation areas staff professional and helpful.
r0600,188622,2017-01-04,France,10.0,mixed,negative,AMAZING HOTEL very friendly staff very helpful muy buen hotel hotel tr s bien Molto bene fridge in room was very convenient very good breakfast buffet,on breakfast buffet write if there is lactose or gluten in things,on breakfast buffet write if there is lactose or gluten in things. AMAZING HOTEL very friendly staff very helpful muy buen hotel hotel tr s bien Molto bene fridge in room was very convenient very good breakfast buffet.
r0601,301530,2017-04-10,United Kingdom,7.9,mixed,positive,Location in central city near tube station and train station,Pillow too soft Toilet flush too slow filling back AC can t control,Location in central city near tube station and train station. Pillow too soft Toilet flush too slow filling back AC can t control.
r0602,338988,2017-07-28,Netherlands,9.6,mixed,negative,The helpfulness of the staff,The hotel is a bit out of the way of the city Having to take the tram is not always easy as it is a distance to walk which is a bit of a problem when your legs won t go so well any more,The hotel is a bit out of the way of the city Having to take the tram is not always easy as it is a distance to walk which is a bit of a problem when your legs won t go so well any more. The helpfulness of the staff.
r0603,245462,2017-06-14,France,8.3,mixed,positive,Very comfortable bed,Toilet had a smell to it,Very comfortable bed. Toilet had a smell to it.
r0604,19462,2017-08-02,United Kingdom,7.9,mixed,positive,Perfect location for wedding at St Pauls,The small touches could make a huge improvement Complimentary water clean towels and more shower gels etc,Perfect location for wedding at St Pauls. The small touches could make a huge improvement Complimentary water clean towels and more shower gels etc.
r0605,7790,2017-01-01,France,3.8,mixed,positive,Small old style hotel,Very very small rooms Central heating had air in it and clicked all night What anoyed me was at check out I told the staff and in typical French maner the girl could not care less Not even a cursory sorry Nothing Strange for a US owned business,Small old style hotel. Very very small rooms Central heating had air in it and clicked all night What anoyed me was at check out I told the staff and in typical French maner the girl could not care less Not even a cursory sorry Nothing Strange for a US owned business.
r0606,397852,2017-01-07,Spain,7.9,mixed,positive,I really enjoyed the stay at this hotel The room was designed very well and gave the comfort I expected after a long day of sightseeing I applaud hotel for the bathroom kits that are again well designed and useful The bed was extra big and pillows were comfier than ever The hotel also provided very interesting experience in choosing scents for your room different pillows and many more options,The SPA area with jacuzzi could be better as it is very small I would point out that the water level in the jacuzzi was below the norm,I really enjoyed the stay at this hotel The room was designed very well and gave the comfort I expected after a long day of sightseeing I applaud hotel for the bathroom kits that are again well designed and useful The bed was extra big and pillows were comfier than ever The hotel also provided very interesting experience in choosing scents for your room different pillows and many more options. The SPA area with jacuzzi could be better as it is very small I would point out that the water level in the jacuzzi was below the norm.
r0607,170782,2017-06-09,United Kingdom,10.0,mixed,positive,The staff at the hotel is excellent helpful and fun,Toilet is bathroom slow to refill,The staff at the hotel is excellent helpful and fun. Toilet is bathroom slow to refill.
r0608,346731,2017-07-04,Netherlands,8.8,mixed,positive,Healthy breakfast organic butter jam and honey Good view from the room and the breakfast restaurant Friendly and helpful staff,The room carpet is off white in color and it looks dirty The shower with no door,Healthy breakfast organic butter jam and honey Good view from the room and the breakfast restaurant Friendly and helpful staff. The room carpet is off white in color and it looks dirty The shower with no door.
r0609,288661,2017-06-06,Spain,7.1,mixed,negative,The staff were extremely nice,The wifi was slow and the room hadn t been cleaned properly,The wifi was slow and the room hadn t been cleaned properly. The staff were extremely nice.
r0610,493079,2017-07-01,Italy,7.5,mixed,positive,Comfort Bed Value of money,location car is a must Room smells humid and dust on tables,Comfort Bed Value of money. location car is a must Room smells humid and dust on tables.
r0611,331036,2017-08-01,Spain,9.2,mixed,negative,We mostly liked the comfort of beds and cleaning The stuff is great and very nice Breakfast was excellent,The room is very small for 3 pp,The room is very small for 3 pp. We mostly liked the comfort of beds and cleaning The stuff is great and very nice Breakfast was excellent.
r0612,350144,2017-02-17,Netherlands,8.3,mixed,positive,Bed was amazingly comfortable,We checked in at 10pm to learn the kitchen was closing so couldn t get anything hot to eat,Bed was amazingly comfortable. We checked in at 10pm to learn the kitchen was closing so couldn t get anything hot to eat.
r0613,186934,2017-06-11,United Kingdom,8.8,mixed,positive,Great clean rooms with everything you need plus a fridge A nice enjoy strong shower blackout curtains air conditioning nice hospitality tray,A little noisy but it is in London so that s to be expected The tv was a bit small and the hairdryer wasn t very powerful The shower scalded me as the controls are a bit confusing,Great clean rooms with everything you need plus a fridge A nice enjoy strong shower blackout curtains air conditioning nice hospitality tray. A little noisy but it is in London so that s to be expected The tv was a bit small and the hairdryer wasn t very powerful The shower scalded me as the controls are a bit confusing.
r0614,511347,2017-06-18,Austria,10.0,mixed,negative,The location of the hotel was perfect The breakfast was very nice and with a lot of things to select The room was a big one and cleaned every day The staff was very helpful and gave us a lot of useful information on everything we asked,In the rooms there is no air condition and the fan is very noisy If your room faced the main road and you are noise sensitive you will have problem to have the window open,In the rooms there is no air condition and the fan is very noisy If your room faced the main road and you are noise sensitive you will have problem to have the window open. The location of the hotel was perfect The breakfast was very nice and with a lot of things to select The room was a big one and cleaned every day The staff was very helpful and gave us a lot of useful information on everything we asked.
r0615,115366,2017-01-09,United Kingdom,6.3,mixed,negative,Staff were polite and good location,To single beds pushed together Fell in between them twice and bathroom was dirty wooden floor was coming up would of not said a 4 star hotel,To single beds pushed together Fell in between them twice and bathroom was dirty wooden floor was coming up would of not said a 4 star hotel. Staff were polite and good location.
r0616,470957,2017-05-25,Italy,5.8,mixed,positive,The hotel is located in a nice area The breakfast is very good an rich,Closing the room doors is very loud because the doors have outside a doorknob so many guests pop the doors when they leave the room The Wifi is bad for this reason the hotel is not recommendable My sleep pants disapeared because the room service put it together with the bedsheets when they cleaned the room The hotel management gave me no compensation for this inconvenience This is an absolutely do not for a service company,The hotel is located in a nice area The breakfast is very good an rich. Closing the room doors is very loud because the doors have outside a doorknob so many guests pop the doors when they leave the room The Wifi is bad for this reason the hotel is not recommendable My sleep pants disapeared because the room service put it together with the bedsheets when they cleaned the room The hotel management gave me no compensation for this inconvenience This is an absolutely do not for a service company.
r0617,353027,2017-07-06,Austria,8.3,mixed,positive,The beautiful and the cafe at lobby level The bathrooms were very luxurious The staff was very friendly,The rooms had a stale carpet smell which was terrible,The beautiful and the cafe at lobby level The bathrooms were very luxurious The staff was very friendly. The rooms had a stale carpet smell which was terrible.
r0618,134783,2017-03-10,United Kingdom,8.8,mixed,negative,on a quiet road near Paddington Not difficult to find The room is small even though I had a club room But this is London and most important room is clean Staff is friendly breakfast is in a basement and is okay,It is close to Paddington Train station but quite a long way to several metro stations And with heavy luagge the five min walk from Paddington Train Station doesn t seem that short We booked Paddington Court Executive Rooms and were asked to check in at Grand Park Paddington Courts just opposite Not difficult to find but bit confusting,It is close to Paddington Train station but quite a long way to several metro stations And with heavy luagge the five min walk from Paddington Train Station doesn t seem that short We booked Paddington Court Executive Rooms and were asked to check in at Grand Park Paddington Courts just opposite Not difficult to find but bit confusting. on a quiet road near Paddington Not difficult to find The room is small even though I had a club room But this is London and most important room is clean Staff is friendly breakfast is in a basement and is okay.
r0619,381852,2017-05-05,Spain,9.6,mixed,negative,Nice big bed great views over the city,The cleaners make a lot of noise when cleaning the rooms above at Siesta Time,The cleaners make a lot of noise when cleaning the rooms above at Siesta Time. Nice big bed great views over the city.
r0620,391085,2017-01-07,United Kingdom,8.3,mixed,positive,we like the design of the hotel and the location was excellent,a little bit lack of cosmetics products in the bathroom,we like the design of the hotel and the location was excellent. a little bit lack of cosmetics products in the bathroom.
r0621,287867,2017-06-23,Austria,9.2,mixed,negative,Clean simple modern but small rooms Close to public transportation Friendly staff who speak English,A little far from downtown restaurants if you want to walk Take a public transportation pass Very good breakfast but it should be included in the price of the room since there are no other restaurants close to the hotel,A little far from downtown restaurants if you want to walk Take a public transportation pass Very good breakfast but it should be included in the price of the room since there are no other restaurants close to the hotel. Clean simple modern but small rooms Close to public transportation Friendly staff who speak English.
r0622,180470,2017-04-25,France,7.9,mixed,positive,The lady janitor was very kind always with a smile in her face and the place ia wonderfully located 15 minutes walk from Montparnasse,The room had nothing to do with what was advertised The floor was cement and in bad shape also with some carpets on top of it The same happened in the exterior corridors and those carpets were not cleaned,The lady janitor was very kind always with a smile in her face and the place ia wonderfully located 15 minutes walk from Montparnasse. The room had nothing to do with what was advertised The floor was cement and in bad shape also with some carpets on top of it The same happened in the exterior corridors and those carpets were not cleaned.
r0623,411336,2017-06-15,Spain,8.8,mixed,negative,Beautiful clean perfect location lovely pool and nice sangria X,Little bit more info would of been appreciated at check in,Little bit more info would of been appreciated at check in. Beautiful clean perfect location lovely pool and nice sangria X.
r0624,58740,2017-04-20,United Kingdom,7.5,mixed,negative,Great pool area,Poor touch screen tech in the room,Poor touch screen tech in the room. Great pool area.
r0625,306240,2017-07-12,Netherlands,9.6,mixed,positive,Nice location good clean rooms nice breakfast,There is a busy noisy road beside us,Nice location good clean rooms nice breakfast. There is a busy noisy road beside us.
r0626,496688,2017-03-29,Italy,9.6,mixed,negative,I ve been many times and I like everything,At weekends the breakfast room is overcrowded But there s plenty of space outside,At weekends the breakfast room is overcrowded But there s plenty of space outside. I ve been many times and I like everything.
r0627,49162,2017-06-22,France,7.1,mixed,positive,The questionnaire pre stay was a very nice touch to better understand the needs of the customer Bathroom and Shower were the best part of the room,Hotel was quit basic in terms of facilities from what you would normally expect from a hotel noted as 5 star The restaurant recommendations weren t really helpful as all based on immediate proximity,The questionnaire pre stay was a very nice touch to better understand the needs of the customer Bathroom and Shower were the best part of the room. Hotel was quit basic in terms of facilities from what you would normally expect from a hotel noted as 5 star The restaurant recommendations weren t really helpful as all based on immediate proximity.
r0628,269357,2017-03-20,Netherlands,9.6,mixed,positive,Great location and staff Free room upgrade and drink for friends birthday,We were told the restaurant was open until midnight at it wasnt also we had to move rooms because if bad drain smell Could have done with a mirror in the bedroom at the dressing table instead of just in the bathroom,Great location and staff Free room upgrade and drink for friends birthday. We were told the restaurant was open until midnight at it wasnt also we had to move rooms because if bad drain smell Could have done with a mirror in the bedroom at the dressing table instead of just in the bathroom.
r0629,268596,2017-04-18,Austria,6.3,mixed,positive,The hotel has a great location very central and easy to reach Breakfast was excellent The beds were very comfortable,The room was much smaller than advertised or shown on pictures for this room type and it felt cramped To be honest we were quite disappointed since our main reason for chosing this hotel was the promised room size Bathroom was also small and there were no bathrobes as promised Everything was quite worn out with visible tears and spots in the wallpaper and curtains The carpet was not really clean the minibar was filthy the coffee cups were dusty etc All in all not good value for money and this is definitely not a five star hotel,The hotel has a great location very central and easy to reach Breakfast was excellent The beds were very comfortable. The room was much smaller than advertised or shown on pictures for this room type and it felt cramped To be honest we were quite disappointed since our main reason for chosing this hotel was the promised room size Bathroom was also small and there were no bathrobes as promised Everything was quite worn out with visible tears and spots in the wallpaper and curtains The carpet was not really clean the minibar was filthy the coffee cups were dusty etc All in all not good value for money and this is definitely not a five star hotel.
r0630,387957,2017-08-02,United Kingdom,9.2,mixed,negative,Staff were courteous and helpful especially Katya on reception Rooms were lovely and spacious and had all we needed Bath was huge and really relaxing,Although bathroom was lovely shower could have been cleaner seal around edges very dirty Breakfast too expensive,Although bathroom was lovely shower could have been cleaner seal around edges very dirty Breakfast too expensive. Staff were courteous and helpful especially Katya on reception Rooms were lovely and spacious and had all we needed Bath was huge and really relaxing.
r0631,345130,2017-01-05,United Kingdom,10.0,mixed,negative,Parking was excellent,Closeness of tables in restaurants,Closeness of tables in restaurants. Parking was excellent.
r0632,37156,2017-02-06,United Kingdom,7.9,mixed,positive,The staff were very friendly Good food,Bed was not very comfy Quite noisy at night,The staff were very friendly Good food. Bed was not very comfy Quite noisy at night.
r0633,121894,2017-03-27,United Kingdom,10.0,mixed,positive,Great location close to Earl s Court tube station Clean simple room which was good value compared to other London hotels,Our room had three beds which was nice but left very little room for suitcases etc,Great location close to Earl s Court tube station Clean simple room which was good value compared to other London hotels. Our room had three beds which was nice but left very little room for suitcases etc.
r0634,261600,2017-01-05,United Kingdom,7.5,mixed,negative,Breakfast was dreadful apart from the food a lovely hotel,Breakfast was dreadful apart from the food a lovely hotel,Breakfast was dreadful apart from the food a lovely hotel. Breakfast was dreadful apart from the food a lovely hotel.
r0635,132399,2017-04-13,France,7.1,mixed,positive,The place is near the shopping district The unlimited snacks is an added factor to the hotel,The hotel is old the hallway is dark The elevator is a little bit scary,The place is near the shopping district The unlimited snacks is an added factor to the hotel. The hotel is old the hallway is dark The elevator is a little bit scary.
r0636,491115,2017-03-02,Italy,8.3,mixed,positive,Real good breakfast nice staff that really made you feel cared for,the corridors were volcano hot and the room was nice although a tiny bit small,Real good breakfast nice staff that really made you feel cared for. the corridors were volcano hot and the room was nice although a tiny bit small.
r0637,297332,2017-04-25,Spain,9.2,mixed,negative,I love the mattress Very firm and very comfortable,The room is very small A bit hard to move around,The room is very small A bit hard to move around. I love the mattress Very firm and very comfortable.
r0638,245364,2017-01-18,France,3.8,mixed,positive,Only location just ourside the gaite metro station and one staff of hotel Mr Florian,Everything else useless hotel no facilities no restaurant and no room service,Only location just ourside the gaite metro station and one staff of hotel Mr Florian. Everything else useless hotel no facilities no restaurant and no room service.
r0639,206240,2017-01-21,United Kingdom,9.2,mixed,negative,The staff were amazing especially Christiano and Osmand who helped us to find a larger room for our three teenage children Nothing was too much trouble The rooms were great showers were fabulous Great location,The only thing was perhaps supplying a tea towel and detergent in the kitchen,The only thing was perhaps supplying a tea towel and detergent in the kitchen. The staff were amazing especially Christiano and Osmand who helped us to find a larger room for our three teenage children Nothing was too much trouble The rooms were great showers were fabulous Great location.
r0640,58655,2017-05-30,United Kingdom,9.6,mixed,negative,I loved everything about this hotel staff service cleanliness and location for London,There was nothing not to like,There was nothing not to like. I loved everything about this hotel staff service cleanliness and location for London.
r0641,168759,2017-07-17,France,9.2,mixed,negative,The room was amazing great location central to most attraction,We found the reception service when we checked out a bit slow,We found the reception service when we checked out a bit slow. The room was amazing great location central to most attraction.
r0642,151876,2017-07-20,France,8.8,mixed,positive,Staff were incredibly nice and helpful,Room was small,Staff were incredibly nice and helpful. Room was small.
r0643,428623,2017-01-03,Austria,10.0,mixed,positive,Location car parking so friendly stuff spacious room comfortable bed quality breakfast,It was all fine,Location car parking so friendly stuff spacious room comfortable bed quality breakfast. It was all fine.
r0644,292982,2017-07-08,Spain,6.3,mixed,positive,Staff is really nice,Locario Ia really bad 11km to airport area is terrible full of trucks they charged for the parking ans didnt advert me that I had to pay,Staff is really nice. Locario Ia really bad 11km to airport area is terrible full of trucks they charged for the parking ans didnt advert me that I had to pay.
r0645,196852,2017-05-29,United Kingdom,8.8,mixed,positive,Bed was really comfy tea and coffee was really welcoming if there was one negative it was being too close to the lift as we could hear it going up and down and doors opening and shutting but would stay here again,Being too close to the noise of the lift,Bed was really comfy tea and coffee was really welcoming if there was one negative it was being too close to the lift as we could hear it going up and down and doors opening and shutting but would stay here again. Being too close to the noise of the lift.
r0646,471679,2017-04-19,Italy,8.8,mixed,positive,Excellent breakfast with great variety of everything Perfect central location,The room needed a renovation,Excellent breakfast with great variety of everything Perfect central location. The room needed a renovation.
r0647,240826,2017-01-02,United Kingdom,7.5,mixed,negative,Bed was comfortable,Housekeeping did not clean our room or change our bed on second day,Housekeeping did not clean our room or change our bed on second day. Bed was comfortable.
r0648,143433,2017-08-02,United Kingdom,9.2,mixed,positive,Staff very attentive Remembered us from previous stays,No free WiFi,Staff very attentive Remembered us from previous stays. No free WiFi.
r0649,140326,2017-02-01,United Kingdom,10.0,mixed,negative,Fresh pancakes and waffles and fruit lovely at breakfast Rooms spacious and very comfortable Staff very helpful,All good no complaints,All good no complaints. Fresh pancakes and waffles and fruit lovely at breakfast Rooms spacious and very comfortable Staff very helpful.
r0650,56720,2017-03-08,United Kingdom,9.2,mixed,negative,Good tasty breakfast Nice white fluffy towels in the bathroom Comfy beds Lovely and clean,Hotel breakfast room was a little hot for comfort,Hotel breakfast room was a little hot for comfort. Good tasty breakfast Nice white fluffy towels in the bathroom Comfy beds Lovely and clean.
r0651,5557,2017-02-18,United Kingdom,7.5,mixed,positive,Helpful check in staff at Reception,Useless staff in Bar We had to ask five times if we could order drinks Each time they said they would take our order at our table The final time we insisted they took our order at the Bar but still no one made any effort to organise drinks It wasn t busy I have no idea why the four staff were unable to provide an adequate service It was bizarre,Helpful check in staff at Reception. Useless staff in Bar We had to ask five times if we could order drinks Each time they said they would take our order at our table The final time we insisted they took our order at the Bar but still no one made any effort to organise drinks It wasn t busy I have no idea why the four staff were unable to provide an adequate service It was bizarre.
r0652,176367,2017-07-10,United Kingdom,10.0,mixed,positive,Comfortable and quiet especially as it is situated on the main road,The bed and headboard a little creeky on the wooden floor,Comfortable and quiet especially as it is situated on the main road. The bed and headboard a little creeky on the wooden floor.
r0653,332656,2017-05-08,Spain,8.8,mixed,positive,Staff was very welcoming and helpful The hotel is at a very good location The room was clean and big enough to accommodate 3 people 2 parents and a teenager Overall a recommended place to stay when traveling to Barcelona,The bed was not very comfortable Price is a bit high for the services provided by the hotel,Staff was very welcoming and helpful The hotel is at a very good location The room was clean and big enough to accommodate 3 people 2 parents and a teenager Overall a recommended place to stay when traveling to Barcelona. The bed was not very comfortable Price is a bit high for the services provided by the hotel.
r0654,338514,2017-07-12,United Kingdom,9.2,mixed,positive,Very clean and everything required for short stay provided,Location not brilliant as a bit of a walk to nearest shops tube restaurants etc,Very clean and everything required for short stay provided. Location not brilliant as a bit of a walk to nearest shops tube restaurants etc.
r0655,444667,2017-07-08,Austria,9.2,mixed,negative,Extremely helpful and polite staff Among the best I ve seen in the city,I only spent a night and I did not pick up anything that I disliked Perhaps making the breakfast more diverse a bit would be a thing to focus on,I only spent a night and I did not pick up anything that I disliked Perhaps making the breakfast more diverse a bit would be a thing to focus on. Extremely helpful and polite staff Among the best I ve seen in the city.
r0656,20476,2017-04-19,United Kingdom,9.6,mixed,positive,excellent location and a beautiful room caring staff free champagne as on first visit wide selection of breakfast food did not eat in restaurant so cannot comment,big fault no coffee or tea making facilities in room breakfast good but very expensive and all items a la carte if stay again would consider breakfast elsewhere,excellent location and a beautiful room caring staff free champagne as on first visit wide selection of breakfast food did not eat in restaurant so cannot comment. big fault no coffee or tea making facilities in room breakfast good but very expensive and all items a la carte if stay again would consider breakfast elsewhere.
r0657,429339,2017-01-23,United Kingdom,10.0,mixed,negative,Bed was so comfy Nice sofa and desk in executive room Great sauna and hydro pool Staff were so professional and friendly,Breakfast doesn t come with the room And 17 each is quite steep,Breakfast doesn t come with the room And 17 each is quite steep. Bed was so comfy Nice sofa and desk in executive room Great sauna and hydro pool Staff were so professional and friendly.
r0658,71109,2017-03-10,France,10.0,mixed,positive,Really central and in te right disctrict,We had a shower rather than a bath but that was our fault as should have specified especially in Paris,Really central and in te right disctrict. We had a shower rather than a bath but that was our fault as should have specified especially in Paris.
r0659,504354,2017-03-30,United Kingdom,9.6,mixed,positive,my room was huge and location was so perfect i enjoyed every second of my stay and sushi place was great,was line to the cheking desk so it took aroud 10 min to register,my room was huge and location was so perfect i enjoyed every second of my stay and sushi place was great. was line to the cheking desk so it took aroud 10 min to register.
r0660,503735,2017-01-16,United Kingdom,6.3,mixed,positive,Ok location next to tram station Bed was comfy,No tv no mini fridge Thin walls Air con didnt work Member off staff at the bar had a bad attitude,Ok location next to tram station Bed was comfy. No tv no mini fridge Thin walls Air con didnt work Member off staff at the bar had a bad attitude.
r0661,347685,2017-03-08,Netherlands,9.2,mixed,positive,Excellent breakfast Coffee making facilities in room,Dinner menu limited though good quality,Excellent breakfast Coffee making facilities in room. Dinner menu limited though good quality.
r0662,262651,2017-01-26,United Kingdom,8.8,mixed,positive,Lovely and clean hotel and it s literally steps from Gloucester Rd tube station so easy to get into the centre of London and back,You could feel where the bed had been joined together if you cuddled together unless you lay just right The bacon at breakfast looked lovely but was rock hard The rest of the breakfast was lovely though and the service was excellent,Lovely and clean hotel and it s literally steps from Gloucester Rd tube station so easy to get into the centre of London and back. You could feel where the bed had been joined together if you cuddled together unless you lay just right The bacon at breakfast looked lovely but was rock hard The rest of the breakfast was lovely though and the service was excellent.
r0663,16134,2017-04-28,United Kingdom,9.6,mixed,positive,Room very quiet and bed extremely comfortable Great location for O2 Would definitely go back,Can t think of anything,Room very quiet and bed extremely comfortable Great location for O2 Would definitely go back. Can t think of anything.
r0664,391776,2017-03-21,Netherlands,10.0,mixed,positive,Breakfasts were particularly good,Roof garden we looked out onto was a bit too natural,Breakfasts were particularly good. Roof garden we looked out onto was a bit too natural.
r0665,137238,2017-01-28,France,9.2,mixed,negative,Very close to the Champs Elysees which was what we wanted and lovely little cafes and restaurants nearby Staff were very friendly and most helpful especially when we had issues with the elevator A lovely traditional French hotel,The restaurant was closed apparently for renovations but was open for breakfast The tiny lift didn t work to well coming down but was OK going up,The restaurant was closed apparently for renovations but was open for breakfast The tiny lift didn t work to well coming down but was OK going up. Very close to the Champs Elysees which was what we wanted and lovely little cafes and restaurants nearby Staff were very friendly and most helpful especially when we had issues with the elevator A lovely traditional French hotel.
r0666,488721,2017-01-10,Italy,6.7,mixed,positive,Bathroom and Bed was really good Staff really helpful and nice,First my room window had just bottom lock and the top one was broken In January it is cold weather so wind and coldness blew throught the window even heating could not help so it was cold Also up to the bed there is mirror design which had crack so it was not nice Furthermore on the wall next to tv suppose to light LED lights which ones did not Also breakfast canteen is so unorganised and messy however I thought I will take coffee to my room unfortunately security stopped me and demanded to leave coffee in canteen,Bathroom and Bed was really good Staff really helpful and nice. First my room window had just bottom lock and the top one was broken In January it is cold weather so wind and coldness blew throught the window even heating could not help so it was cold Also up to the bed there is mirror design which had crack so it was not nice Furthermore on the wall next to tv suppose to light LED lights which ones did not Also breakfast canteen is so unorganised and messy however I thought I will take coffee to my room unfortunately security stopped me and demanded to leave coffee in canteen.
r0667,451093,2017-06-22,Netherlands,9.6,mixed,negative,Comfy Bed Attentive staff,The street side is noisy a room on the canal Side would be quiet,The street side is noisy a room on the canal Side would be quiet. Comfy Bed Attentive staff.
r0668,132632,2017-06-26,United Kingdom,9.6,mixed,positive,The beds were very comfortable a fan was also provided which was great as the weather was really warm and we were on the 3rd floor which seemed extra warm The location of the hotel was also great only a short walk to the River Thames which we did a lot of our travelling by,The shower could have been more powerful also the toilet paper was rough There was also a problem with the WIFI,The beds were very comfortable a fan was also provided which was great as the weather was really warm and we were on the 3rd floor which seemed extra warm The location of the hotel was also great only a short walk to the River Thames which we did a lot of our travelling by. The shower could have been more powerful also the toilet paper was rough There was also a problem with the WIFI.
r0669,381876,2017-04-01,Spain,10.0,mixed,positive,free upgrade to a suite which was luxurious clean and the bed was huge the staff were extremely helpful,the breakfast option was too expensive,free upgrade to a suite which was luxurious clean and the bed was huge the staff were extremely helpful. the breakfast option was too expensive.
r0670,469870,2017-04-22,Netherlands,9.2,mixed,positive,the coffee at the bar,the location a little too far from the city,the coffee at the bar. the location a little too far from the city.
r0671,465300,2017-06-20,Austria,8.8,mixed,negative,Fantastic breakfast both the place and the food Reception staff traditional Austro Hungarian Monarchy feeling so good to experience,Room quite small but acceptable,Room quite small but acceptable. Fantastic breakfast both the place and the food Reception staff traditional Austro Hungarian Monarchy feeling so good to experience.
r0672,500057,2017-07-18,Austria,8.3,mixed,positive,Room 109 fantastic balcony double windows helped with noise reduction,uneven floors lift doesn t take all the way to the right floor no a c,Room 109 fantastic balcony double windows helped with noise reduction. uneven floors lift doesn t take all the way to the right floor no a c.
r0673,475860,2017-01-07,Italy,5.8,mixed,negative,Price clean and comfortable rooms,The hotel is located near milan but is not easily accessible without car Breakfast is very poor The security guard of the parking was terribly rude When I parked my car for ten minutes in front of the hotel in order to get my luggage out he told me in italian that I should move my car and when he saw that I wouldn t he approached me shouting insulting phrases in italian thinking that I didn t understand what he was saying,The hotel is located near milan but is not easily accessible without car Breakfast is very poor The security guard of the parking was terribly rude When I parked my car for ten minutes in front of the hotel in order to get my luggage out he told me in italian that I should move my car and when he saw that I wouldn t he approached me shouting insulting phrases in italian thinking that I didn t understand what he was saying. Price clean and comfortable rooms.
r0674,240802,2017-03-13,United Kingdom,10.0,mixed,negative,The staff were very helpful and friendly the rooms was lovely and the food was great,I lover it all,I lover it all. The staff were very helpful and friendly the rooms was lovely and the food was great.
r0675,262541,2017-05-12,United Kingdom,8.3,mixed,positive,Staff are passionate and helpful Breakfast is also good Excellent location,The facility is a bit old Sink in bathroom is cracked Shower head is a bit loose Flashing water was broken down once during our 3 nights stay,Staff are passionate and helpful Breakfast is also good Excellent location. The facility is a bit old Sink in bathroom is cracked Shower head is a bit loose Flashing water was broken down once during our 3 nights stay.
r0676,101261,2017-04-15,United Kingdom,9.6,mixed,positive,Food in the hotel was brilliant,View from my room but I could of paid and had a better view,Food in the hotel was brilliant. View from my room but I could of paid and had a better view.
r0677,194821,2017-07-17,France,7.1,mixed,negative,Small compact rooms however clean and practical and we had limited noise pollution despite it being in a popular street scene area with high traffic,Air con kept automatically turning on at set times despite us turning it off,Air con kept automatically turning on at set times despite us turning it off. Small compact rooms however clean and practical and we had limited noise pollution despite it being in a popular street scene area with high traffic.
r0678,39384,2017-01-17,United Kingdom,9.6,mixed,positive,Newly decorated rooms are beautiful and crisp clean bedclothes fluffy pillows and luxury toiletries provided along with tea coffee making machine and a small fridge Saff were Excellent and welcoming Big advantage is how peaceful the rooms are decent nights sleep,Honestly we couldnt fault the place,Newly decorated rooms are beautiful and crisp clean bedclothes fluffy pillows and luxury toiletries provided along with tea coffee making machine and a small fridge Saff were Excellent and welcoming Big advantage is how peaceful the rooms are decent nights sleep. Honestly we couldnt fault the place.
r0679,378118,2017-07-26,Spain,7.9,mixed,positive,Room kitchenette support,it isn t a true aparthotel Despite having a kitchen the room does not has a table or chairs to sit and have a meal Because of this we didn t had any advantage of a aparthotel features The breakfast is too expensive 12 person is a lot Because of this we decided to take the breakfast at a bakery which was very good and is located in front of the hotel We recommend it,Room kitchenette support. it isn t a true aparthotel Despite having a kitchen the room does not has a table or chairs to sit and have a meal Because of this we didn t had any advantage of a aparthotel features The breakfast is too expensive 12 person is a lot Because of this we decided to take the breakfast at a bakery which was very good and is located in front of the hotel We recommend it.
r0680,379923,2017-01-31,Netherlands,5.8,mixed,positive,The bathroom facilities were lovely to great,Window was broke offered us a different room but would not have had double bed Nesprsso machine was funny worked one min and not the next,The bathroom facilities were lovely to great. Window was broke offered us a different room but would not have had double bed Nesprsso machine was funny worked one min and not the next.
r0681,340565,2017-03-01,Netherlands,10.0,mixed,negative,The bed was heavenly,Would have liked a gym spa,Would have liked a gym spa. The bed was heavenly.
r0682,428913,2017-06-03,Austria,7.9,mixed,negative,Clean comfortable rooms Tram that takes you to the center in 15 minutes stops near the hotel The hotel has its own parking lot Highway is near easy to find,A bit expensive but in Vienna this is no surprise,A bit expensive but in Vienna this is no surprise. Clean comfortable rooms Tram that takes you to the center in 15 minutes stops near the hotel The hotel has its own parking lot Highway is near easy to find.
r0683,496148,2017-05-05,Italy,8.8,mixed,negative,Modern hotel great for young couples Clean and close to the metro station Breakfast is not bad but it could be better They have a private underground parking for good price,The only thing that I didn t like is the fact that they charged us 5EUR tax per person per night while it was written on booking that the tax is 2EUR per person per night,The only thing that I didn t like is the fact that they charged us 5EUR tax per person per night while it was written on booking that the tax is 2EUR per person per night. Modern hotel great for young couples Clean and close to the metro station Breakfast is not bad but it could be better They have a private underground parking for good price.
r0684,421739,2017-02-14,Netherlands,8.3,mixed,negative,Excellent variety of vegan food options and good coffee Super helpful friendly yet non intrusive staff technology in the room worked seamlessly The option to get a 10 eur voucher night if you don t need your room cleaned was great for a business traveller that hardly spends time in the room anyway Quiet I chose a top floor garden view room,On the street parking was relatively expensive at 3 eur hour for outskirts of Amsterdam The shower toilet spaces in the room inside retractable glass doors were ok since I was travelling alone but would have been a nightmare otherwise Showerhead kept leaking water randomly throughout the night no matter which way the control was turned,On the street parking was relatively expensive at 3 eur hour for outskirts of Amsterdam The shower toilet spaces in the room inside retractable glass doors were ok since I was travelling alone but would have been a nightmare otherwise Showerhead kept leaking water randomly throughout the night no matter which way the control was turned. Excellent variety of vegan food options and good coffee Super helpful friendly yet non intrusive staff technology in the room worked seamlessly The option to get a 10 eur voucher night if you don t need your room cleaned was great for a business traveller that hardly spends time in the room anyway Quiet I chose a top floor garden view room.
r0685,498088,2017-04-09,Netherlands,10.0,mixed,positive,Very good break fast very polite servics staff Very good room size very good tea pot baby klitchen,Staff for room Cleanlining was slow n lazy,Very good break fast very polite servics staff Very good room size very good tea pot baby klitchen. Staff for room Cleanlining was slow n lazy.
r0686,197957,2017-05-30,United Kingdom,7.5,mixed,positive,Very comfortable bed Lovely powerful shower,The robes were very hard and rough like it hadn t been washed in a good detergent The price of breakfast isn t realistic as it s 20 if you book online and if you want to pay when you get there it s 15 Overpriced for breakfast and not worth it,Very comfortable bed Lovely powerful shower. The robes were very hard and rough like it hadn t been washed in a good detergent The price of breakfast isn t realistic as it s 20 if you book online and if you want to pay when you get there it s 15 Overpriced for breakfast and not worth it.
r0687,381898,2017-03-06,Spain,7.9,mixed,positive,Hotel and staff friendly,Bed and pillows too soft,Hotel and staff friendly. Bed and pillows too soft.
r0688,499076,2017-05-29,Spain,5.4,mixed,negative,There were some great restaurants near the hotel and the front desk was helpful with setting us up with a bus tour for the day of sightseeing,Booking com asked for special requests when I made the reservation even though I asked for an early check in after an overnight 10 hour flight the hotel did not work with my request The hotel had a weird system of needing the key card to operate lights in the room and no explanation of this was given at check in the wifi was spotty at best and the toilet did not flush,Booking com asked for special requests when I made the reservation even though I asked for an early check in after an overnight 10 hour flight the hotel did not work with my request The hotel had a weird system of needing the key card to operate lights in the room and no explanation of this was given at check in the wifi was spotty at best and the toilet did not flush. There were some great restaurants near the hotel and the front desk was helpful with setting us up with a bus tour for the day of sightseeing.
r0689,289132,2017-03-09,Austria,7.9,mixed,negative,Nice breakfast and for free Free wifi is reasonable quality Location is perfect very close to the subway station,Bit noisy rooms loud telephone conversation in the next room was quite disturbing especially late at night They were unable to precharge on AMEX so I had to pay in full when checking in,Bit noisy rooms loud telephone conversation in the next room was quite disturbing especially late at night They were unable to precharge on AMEX so I had to pay in full when checking in. Nice breakfast and for free Free wifi is reasonable quality Location is perfect very close to the subway station.
r0690,368601,2017-07-13,Netherlands,3.8,mixed,positive,There shops close by,Hotel aminiteis very bad,There shops close by. Hotel aminiteis very bad.
r0691,40792,2017-05-05,United Kingdom,8.8,mixed,negative,Lovely hotel clean and comfortable with pleasent helpful staff 10 minutes walk from St Pancras station and within walking distance to central London A good size wet room but was disapointed with the small size of the bedroom,The standard double room is a little small,The standard double room is a little small. Lovely hotel clean and comfortable with pleasent helpful staff 10 minutes walk from St Pancras station and within walking distance to central London A good size wet room but was disapointed with the small size of the bedroom.
r0692,378886,2017-06-05,Austria,6.7,mixed,positive,Nice location near to MariaHilferstrasse and transport,NO wifi in the room Very small room the bathroom was 1 5sqm allin Very expensive garage,Nice location near to MariaHilferstrasse and transport. NO wifi in the room Very small room the bathroom was 1 5sqm allin Very expensive garage.
r0693,162882,2017-07-12,France,6.7,mixed,negative,Friendly receptionist Clean hotel Supermarket close Little eateries as well,Room view was depressing Right on other buildings A dog was barking each evening from a neighbor building Very small shower,Room view was depressing Right on other buildings A dog was barking each evening from a neighbor building Very small shower. Friendly receptionist Clean hotel Supermarket close Little eateries as well.
r0694,123417,2017-06-11,United Kingdom,9.2,mixed,positive,Much better than advertised or expected very comfortable and spacious,The shower hot water went cold and hot at random intervals throghout ourstay Also the TV Signal was very poor,Much better than advertised or expected very comfortable and spacious. The shower hot water went cold and hot at random intervals throghout ourstay Also the TV Signal was very poor.
r0695,104063,2017-06-12,United Kingdom,7.5,mixed,negative,Good location friendly Staff,The Room was very small the wallpaper was peeling off at some points,The Room was very small the wallpaper was peeling off at some points. Good location friendly Staff.
r0696,470032,2017-06-08,Italy,9.6,mixed,positive,Almost everything efficient and very helpful reception good safe location near Duomo Modern comfort room good breakfast with abundant fresh fruits,Too cold air conditioning impossible to raise the temperature over 23 degree,Almost everything efficient and very helpful reception good safe location near Duomo Modern comfort room good breakfast with abundant fresh fruits. Too cold air conditioning impossible to raise the temperature over 23 degree.
r0697,218176,2017-06-27,France,6.3,mixed,negative,The breakfast had luttle choice and it ran out of the things that were supposed to be there Like croissants A basic in France one would expect The waiters were reluctant to do anything When I complained at the reception they didnt do much either,See above Wrong box Sorry,See above Wrong box Sorry. The breakfast had luttle choice and it ran out of the things that were supposed to be there Like croissants A basic in France one would expect The waiters were reluctant to do anything When I complained at the reception they didnt do much either.
r0698,353982,2017-05-14,Austria,8.8,mixed,positive,This is the second time I ve stayed here The location is excellent The hotel is clean and modern The breakfast is great Opposite the hotel is an excellent pastry shop cafe called Ober Laa highly recommended,I was asked to wait for the valet after close to half and hour I was informed the staff can take care of this issue which should have been done in the first place in my opinion Also the bed was too soft but that is a matter of personal preference All in all I enjoyed my stay here,This is the second time I ve stayed here The location is excellent The hotel is clean and modern The breakfast is great Opposite the hotel is an excellent pastry shop cafe called Ober Laa highly recommended. I was asked to wait for the valet after close to half and hour I was informed the staff can take care of this issue which should have been done in the first place in my opinion Also the bed was too soft but that is a matter of personal preference All in all I enjoyed my stay here.
r0699,316584,2015-10-11,Spain,10.0,positive only,positive,Fabulous location for this groovy hotel great service loved the breakfast and snack bar and the roof top garden so good we rebooked for the return trip,,Fabulous location for this groovy hotel great service loved the breakfast and snack bar and the roof top garden so good we rebooked for the return trip.
r0700,422086,2015-11-07,Netherlands,10.0,positive only,positive,Great staff awesome halloween costumes great service and overall we just loved our stay there We would definitely recommend this hotel to anyone visiting Amsterdam,,Great staff awesome halloween costumes great service and overall we just loved our stay there We would definitely recommend this hotel to anyone visiting Amsterdam.
r0701,323097,2015-08-27,Austria,8.3,positive only,negative,Lively staff All the time helpful,,Lively staff All the time helpful.
r0702,24946,2015-10-04,United Kingdom,10.0,positive only,positive,Nagi the manager is very helpful and the rooms are terrific The location is wonderful it s like being in the countryside but moments from London,,Nagi the manager is very helpful and the rooms are terrific The location is wonderful it s like being in the countryside but moments from London.
r0703,388941,2015-10-12,United Kingdom,9.6,positive only,negative,Beautiful hotel and easy to found where hotel and near Tower Hill tube and London Bridge and etc,,Beautiful hotel and easy to found where hotel and near Tower Hill tube and London Bridge and etc.
r0704,232677,2015-10-21,United Kingdom,9.6,positive only,negative,Great quiet location helpful and friendly staff,,Great quiet location helpful and friendly staff.
r0705,397212,2015-12-04,Spain,10.0,positive only,negative,Thoroughly enjoyed our stay at the Hotel Margot I can t think of 1 thing that was less than perfect very comfortable quiet rooms that were well appointed The front desk staff was friendly and helpful amazing breakfast experience as well Wonderful boutique hotel highly recommended,,Thoroughly enjoyed our stay at the Hotel Margot I can t think of 1 thing that was less than perfect very comfortable quiet rooms that were well appointed The front desk staff was friendly and helpful amazing breakfast experience as well Wonderful boutique hotel highly recommended.
r0706,158933,2015-09-15,United Kingdom,9.2,positive only,positive,Classical comfortable hotel staff are very polite and well groomed made us feel really welcome,,Classical comfortable hotel staff are very polite and well groomed made us feel really welcome.
r0707,462566,2015-09-14,Netherlands,9.2,positive only,negative,friendly staff great location easy access everywhere nice breakfast clean rooms,,friendly staff great location easy access everywhere nice breakfast clean rooms.
r0708,229323,2015-08-25,France,10.0,positive only,negative,Great location Very helpful and friendly staff,,Great location Very helpful and friendly staff.
r0709,407001,2015-12-20,Italy,9.6,positive only,negative,I like everything specially the location,,I like everything specially the location.
r0710,282962,2015-08-20,Spain,9.2,positive only,negative,The brilliant people on reception and concierge super friendly and helpful with excellent recommendations for trips eating out Always had time for us and made the holiday for us,,The brilliant people on reception and concierge super friendly and helpful with excellent recommendations for trips eating out Always had time for us and made the holiday for us.
r0711,231667,2015-11-24,United Kingdom,8.8,positive only,negative,Close to tube Bar and restaurant very welcoming and food great,,Close to tube Bar and restaurant very welcoming and food great.
r0712,3766,2015-08-11,United Kingdom,8.3,positive only,negative,Good service good staff very friendly helpful everthing you need for that perfect stay,,Good service good staff very friendly helpful everthing you need for that perfect stay.
r0713,224773,2015-12-31,United Kingdom,9.2,positive only,negative,Great hotel in the middle of everything and yet quiet and private at the same time Freindly helpful staff,,Great hotel in the middle of everything and yet quiet and private at the same time Freindly helpful staff.
r0714,155639,2015-12-05,United Kingdom,9.6,positive only,positive,Staff were friendly and helpful Will definately stay again,,Staff were friendly and helpful Will definately stay again.
r0715,293496,2015-11-24,Spain,2.9,positive only,positive,It was comfortable convenient to airport and free shuttle available clean,,It was comfortable convenient to airport and free shuttle available clean.
r0716,174317,2015-08-12,United Kingdom,8.3,positive only,negative,The location was perfect near the underground and in the middle of the city,,The location was perfect near the underground and in the middle of the city.
r0717,144361,2015-12-08,United Kingdom,10.0,positive only,positive,Beautifully clean new looking rooms Carpet paint bathroom all lovely Useful kitchenette with a microwave cutlery,,Beautifully clean new looking rooms Carpet paint bathroom all lovely Useful kitchenette with a microwave cutlery.
r0718,282719,2015-12-16,Spain,9.2,positive only,positive,The room was big and very comfortable breakfast was great and the facilities were complete,,The room was big and very comfortable breakfast was great and the facilities were complete.
r0719,106811,2015-09-24,France,9.2,positive only,positive,The staff was the best I have ever had in a hotel experience Bravo The breakfast was a bit pricey but excellent The location for sightseeing purposes was perfect You could walk to almost anything and access to the easy to use Metro stations was close We did not have the most expensive room in the facility but we still a fairly large room,,The staff was the best I have ever had in a hotel experience Bravo The breakfast was a bit pricey but excellent The location for sightseeing purposes was perfect You could walk to almost anything and access to the easy to use Metro stations was close We did not have the most expensive room in the facility but we still a fairly large room.
r0720,154435,2015-10-08,United Kingdom,7.5,positive only,negative,Size and comfort in room very good Nice and quiet,,Size and comfort in room very good Nice and quiet.
r0721,319179,2015-12-17,Spain,8.8,positive only,negative,A great stylish hotel in a great location just walking distance from many of the attractions of Barcelona and public transport,,A great stylish hotel in a great location just walking distance from many of the attractions of Barcelona and public transport.
r0722,178948,2015-08-25,France,10.0,positive only,positive,Location was very close to the Arc De Triomphe and Champs lys es Hotel was very clean staff were friendly and very efficient,,Location was very close to the Arc De Triomphe and Champs lys es Hotel was very clean staff were friendly and very efficient.
r0723,111921,2015-09-01,United Kingdom,10.0,positive only,negative,Hotel staff attentive friendly from checking in to checking out Beautiful atrium view from our room,,Hotel staff attentive friendly from checking in to checking out Beautiful atrium view from our room.
r0724,206533,2015-11-12,France,7.1,positive only,positive,The location relative to Paris must sees,,The location relative to Paris must sees.
r0725,90853,2015-08-31,France,8.8,positive only,negative,Location was perfect and staff very helpful,,Location was perfect and staff very helpful.
r0726,263922,2015-09-10,United Kingdom,10.0,positive only,positive,It is a lovely hotel that makes you feel home,,It is a lovely hotel that makes you feel home.
r0727,147839,2015-12-31,United Kingdom,10.0,positive only,negative,It is a beautiful hotel set in a great location for most needs of the city The views are amazingand the staff were excellent and couldn t have helped us more I mentioned on the booking form that it was my partners birthday and they upgraded our room to a suite and left a lovely little handmade birthday cake for us,,It is a beautiful hotel set in a great location for most needs of the city The views are amazingand the staff were excellent and couldn t have helped us more I mentioned on the booking form that it was my partners birthday and they upgraded our room to a suite and left a lovely little handmade birthday cake for us.
r0728,387905,2015-09-24,Netherlands,8.8,positive only,negative,Location was perfect and staff were always helpful,,Location was perfect and staff were always helpful.
r0729,478779,2015-12-01,Spain,10.0,positive only,negative,Good service clean room convienent location left luggage facilities and 24 hr check in,,Good service clean room convienent location left luggage facilities and 24 hr check in.
r0730,269287,2015-08-15,Spain,7.9,positive only,positive,Convenient for the port where I was racing,,Convenient for the port where I was racing.
r0731,118857,2015-10-05,United Kingdom,8.8,positive only,negative,good location of the hotel friendly and helpful staff,,good location of the hotel friendly and helpful staff.
r0732,136343,2015-11-05,France,9.6,positive only,positive,Great boutique type hotel at higher quality and lower price than other Paris hotels Had to stay in the highly rated Marriott Rive Gauche for work a few days later and that was terrible in comparison Would much rather stay at the St Jacques They gave us the room with a French balcony which was lovely Windows very sound proof Quiet room,,Great boutique type hotel at higher quality and lower price than other Paris hotels Had to stay in the highly rated Marriott Rive Gauche for work a few days later and that was terrible in comparison Would much rather stay at the St Jacques They gave us the room with a French balcony which was lovely Windows very sound proof Quiet room.
r0733,249438,2015-10-05,United Kingdom,10.0,positive only,positive,The staff here was amazing really AMAZING Totally friendly and willing to help with anything Above the ordinary for sure,,The staff here was amazing really AMAZING Totally friendly and willing to help with anything Above the ordinary for sure.
r0734,508945,2015-12-29,United Kingdom,8.3,positive only,negative,Excellent location clean modern rooms and helpful staff,,Excellent location clean modern rooms and helpful staff.
r0735,119926,2015-09-20,United Kingdom,9.2,positive only,positive,Great location It also has everything you need filtered water computers and printers in the lounge The check in and check out process could be done through a self service kiosk which was very high tech and convenient,,Great location It also has everything you need filtered water computers and printers in the lounge The check in and check out process could be done through a self service kiosk which was very high tech and convenient.
r0736,420992,2015-12-08,Netherlands,10.0,positive only,negative,We had a canal view room and it had a beautiful view and balcony Room was very large and comfortable and bathroom was updated The location of the hotel was excellent close to public transport great shopping restaurants and key sights Staff was very friendly and helpful Would highly recommend this hotel,,We had a canal view room and it had a beautiful view and balcony Room was very large and comfortable and bathroom was updated The location of the hotel was excellent close to public transport great shopping restaurants and key sights Staff was very friendly and helpful Would highly recommend this hotel.
r0737,382535,2015-08-08,Austria,9.6,positive only,negative,Location Very quite hotel Staff very friendly and helpful,,Location Very quite hotel Staff very friendly and helpful.
r0738,135396,2015-12-23,United Kingdom,10.0,positive only,positive,Everything i only stayed one night but would stay again next time i visit paddington,,Everything i only stayed one night but would stay again next time i visit paddington.
r0739,86159,2016-06-21,United Kingdom,9.6,positive only,positive,Brand new hotel with really welcoming staff Once back in London I ll definitely go back there,,Brand new hotel with really welcoming staff Once back in London I ll definitely go back there.
r0740,83610,2016-06-14,United Kingdom,10.0,positive only,negative,Fantastic hotel in a great location for easy access to underground and shops,,Fantastic hotel in a great location for easy access to underground and shops.
r0741,272150,2016-06-14,Netherlands,9.6,positive only,negative,We have had a free upgrade to a suite Breakfast was very good,,We have had a free upgrade to a suite Breakfast was very good.
r0742,242584,2016-07-10,United Kingdom,8.3,positive only,positive,Gentleman on reception when we arrived was so helpful He rearranged rooms so that the least mobile in our party were on the ground floor he helped us with places we wanted to visit and even walked halfway doen the street to hail us a cab The rooms were lovely and a great breakfast,,Gentleman on reception when we arrived was so helpful He rearranged rooms so that the least mobile in our party were on the ground floor he helped us with places we wanted to visit and even walked halfway doen the street to hail us a cab The rooms were lovely and a great breakfast.
r0743,102240,2016-09-22,United Kingdom,10.0,positive only,negative,Bed is super comfy Modern deep rich decor,,Bed is super comfy Modern deep rich decor.
r0744,108756,2016-03-07,United Kingdom,10.0,positive only,positive,So impressed with the size of the room we were allocated a corner room which was lovely The veiw was also excellent had a veiw of the water at no extra cost,,So impressed with the size of the room we were allocated a corner room which was lovely The veiw was also excellent had a veiw of the water at no extra cost.
r0745,474703,2016-11-28,Italy,9.2,positive only,positive,Reception fantastic very helpful Nice that they had a printer and PC for Clients use,,Reception fantastic very helpful Nice that they had a printer and PC for Clients use.
r0746,467878,2016-08-22,Austria,10.0,positive only,negative,Very nice modern hotel with large and clean rooms It is in the heart of Prater just 50 meters from the metro The staff is charming Very good price value scale,,Very nice modern hotel with large and clean rooms It is in the heart of Prater just 50 meters from the metro The staff is charming Very good price value scale.
r0747,69507,2016-11-11,United Kingdom,10.0,positive only,negative,Everything was superb The staff at this hotel are the most gracious and caring of any hotel I have ever stayed,,Everything was superb The staff at this hotel are the most gracious and caring of any hotel I have ever stayed.
r0748,474301,2016-05-26,Italy,9.2,positive only,negative,The location was excellant Easy access to the Metro and walking distance to Central Station Supermarket just accross the street Nice quiet neighborhood Fantastic seafood restaurant few doors away called Limone and another on the street behind called Trattoria il Paiolo Very fresh and tasty seafood,,The location was excellant Easy access to the Metro and walking distance to Central Station Supermarket just accross the street Nice quiet neighborhood Fantastic seafood restaurant few doors away called Limone and another on the street behind called Trattoria il Paiolo Very fresh and tasty seafood.
r0749,55593,2016-06-30,France,10.0,positive only,positive,The very hotel and great staff The hotel is very comrehensive staff is very helpfull and extremely welcome to guests,,The very hotel and great staff The hotel is very comrehensive staff is very helpfull and extremely welcome to guests.
r0750,78850,2016-03-13,United Kingdom,8.8,positive only,negative,Good location for bars restaurants and for tourist attractions Although the hotel is on a busy road there wasn t any traffic noise,,Good location for bars restaurants and for tourist attractions Although the hotel is on a busy road there wasn t any traffic noise.
r0751,415801,2016-09-04,Spain,8.8,positive only,positive,Laura at check in was exceptionally good,,Laura at check in was exceptionally good.
r0752,465652,2016-09-18,Austria,9.2,positive only,positive,Location is great Breakfast is excellent Staff especially at the morning breakfast were very pleasant,,Location is great Breakfast is excellent Staff especially at the morning breakfast were very pleasant.
r0753,501757,2016-08-20,Austria,9.2,positive only,negative,Rooms are quite big and comfortable with balcony Good and various breakfast Well designed hotel High wi fi level,,Rooms are quite big and comfortable with balcony Good and various breakfast Well designed hotel High wi fi level.
r0754,17290,2016-03-24,United Kingdom,10.0,positive only,negative,The beds are amazing we could of easily missed our flight the next day,,The beds are amazing we could of easily missed our flight the next day.
r0755,122909,2016-06-09,United Kingdom,10.0,positive only,positive,Afternoon Tea Golden Retriever in the lobby named Pearl Scarfe s Bar,,Afternoon Tea Golden Retriever in the lobby named Pearl Scarfe s Bar.
r0756,205450,2016-08-09,United Kingdom,10.0,positive only,positive,Great stAy receptionist was a charming girl Gave us an apartment for our stay was great,,Great stAy receptionist was a charming girl Gave us an apartment for our stay was great.
r0757,390112,2016-08-06,United Kingdom,9.6,positive only,negative,Just a 20 minute walk from the airport Very close to public transport Nice building my room had a nice view on the river Nice little shop with some snacks,,Just a 20 minute walk from the airport Very close to public transport Nice building my room had a nice view on the river Nice little shop with some snacks.
r0758,46589,2016-08-31,United Kingdom,10.0,positive only,negative,I loved my stay here I got an complimentary upgrade and the beda are amazing It was like sleeping in the arms of angels not kidding,,I loved my stay here I got an complimentary upgrade and the beda are amazing It was like sleeping in the arms of angels not kidding.
r0759,490687,2016-04-12,Italy,10.0,positive only,positive,The breakfast buffet was wonderful and the made to order eggs bacon was great,,The breakfast buffet was wonderful and the made to order eggs bacon was great.
r0760,134181,2016-06-21,United Kingdom,8.8,positive only,negative,swimming pool gym something for kids and may be a club and breakfast need to be enhansed and should have more options and varities,,swimming pool gym something for kids and may be a club and breakfast need to be enhansed and should have more options and varities.
r0761,347841,2016-06-30,Netherlands,10.0,positive only,positive,Very nice and modern hotel only a 5 minute walk from Centraal Station Excellent view Had nothing to complain about,,Very nice and modern hotel only a 5 minute walk from Centraal Station Excellent view Had nothing to complain about.
r0762,403018,2016-04-28,Spain,10.0,positive only,negative,Bed super comfy great location excellent value for money,,Bed super comfy great location excellent value for money.
r0763,166749,2016-11-16,United Kingdom,10.0,positive only,negative,Location was great for everywhere we wanted to go Staff was over the top helpful friendly and eager to please,,Location was great for everywhere we wanted to go Staff was over the top helpful friendly and eager to please.
r0764,103670,2016-07-05,France,10.0,positive only,positive,The location service and room size for central Parisian hotel was a welcome surprise All in all represented excellent value for money,,The location service and room size for central Parisian hotel was a welcome surprise All in all represented excellent value for money.
r0765,445675,2016-05-16,Austria,8.8,positive only,positive,Relatively new establishment right next to the sch nbrunn palace Wide spread of food for breakfast made to perfection rooms were cosy clean and modern,,Relatively new establishment right next to the sch nbrunn palace Wide spread of food for breakfast made to perfection rooms were cosy clean and modern.
r0766,119170,2016-07-24,United Kingdom,9.2,positive only,negative,Very comfortable room with plenty of space,,Very comfortable room with plenty of space.
r0767,239460,2016-06-12,France,10.0,positive only,positive,The breakfast room service was fabulous and was available up to 10 30am maybe later I forget If you are looking for a location quality hotel for a great price this hotel is the answer In addition the staff was always ready to help in any way possible even when we were checking out When we return to Paris we will definitely stay here again,,The breakfast room service was fabulous and was available up to 10 30am maybe later I forget If you are looking for a location quality hotel for a great price this hotel is the answer In addition the staff was always ready to help in any way possible even when we were checking out When we return to Paris we will definitely stay here again.
r0768,512288,2016-07-05,Austria,10.0,positive only,negative,The breakfast was excellent and the hotel as a location it is very good situated,,The breakfast was excellent and the hotel as a location it is very good situated.
r0769,13762,2016-04-08,United Kingdom,10.0,positive only,negative,The whole stay abliet 1 night my 50th was excellent and the breakfast was awesome Thank you and we very much look forward to another visit Lesley Dean,,The whole stay abliet 1 night my 50th was excellent and the breakfast was awesome Thank you and we very much look forward to another visit Lesley Dean.
r0770,314003,2016-09-22,Spain,7.9,positive only,positive,Nice room with balcony Well located for visiting sites in Barcelona especially Gaudi architecture,,Nice room with balcony Well located for visiting sites in Barcelona especially Gaudi architecture.
r0771,37719,2016-01-04,France,8.8,positive only,negative,The position the amazing view on Tour Eiffel the bathtub the king size bed the cleanliness and above all the Nespresso Machine,,The position the amazing view on Tour Eiffel the bathtub the king size bed the cleanliness and above all the Nespresso Machine.
r0772,408818,2016-04-03,Italy,10.0,positive only,positive,Location Service prior to my arrival and during stay,,Location Service prior to my arrival and during stay.
r0773,157615,2016-09-26,France,10.0,positive only,positive,For Paris this was exceptional value Perfect stay,,For Paris this was exceptional value Perfect stay.
r0774,271777,2016-06-07,Netherlands,9.2,positive only,positive,The room was elegant and well furnished with a wonderful view on the channels The bed was comfortable and the bathroom modern The staff was professional and nice Do not miss to take a drink on the terrace,,The room was elegant and well furnished with a wonderful view on the channels The bed was comfortable and the bathroom modern The staff was professional and nice Do not miss to take a drink on the terrace.
r0775,402171,2016-08-30,Spain,10.0,positive only,positive,One of the best hotels ever location atmosphere roof top breakfast helpful staff,,One of the best hotels ever location atmosphere roof top breakfast helpful staff.
r0776,272925,2016-08-15,Netherlands,9.6,positive only,positive,There is a relax hour from Monday to Thursday Each guest can get a free drink and some snacks It provided a leisure place for people to relax And the staff is nice and helpful,,There is a relax hour from Monday to Thursday Each guest can get a free drink and some snacks It provided a leisure place for people to relax And the staff is nice and helpful.
r0777,87510,2016-03-08,United Kingdom,7.9,positive only,negative,The proximity of this hotel to Victoria Station and all of the connections make this hotel our hotel of choice in London The standard of rooms is excellent and processes are efficient which is essential for any business traveller,,The proximity of this hotel to Victoria Station and all of the connections make this hotel our hotel of choice in London The standard of rooms is excellent and processes are efficient which is essential for any business traveller.
r0778,262742,2016-08-10,United Kingdom,10.0,positive only,positive,The location is perfect and it has an elegant neighborhood This holiday inn is well surrounded by abundant restaurants and good cafes Supermarkets and underground station are within five minutes walk distance Definitely worth a second visit,,The location is perfect and it has an elegant neighborhood This holiday inn is well surrounded by abundant restaurants and good cafes Supermarkets and underground station are within five minutes walk distance Definitely worth a second visit.
r0779,3443,2016-04-04,United Kingdom,10.0,positive only,positive,Very kind and helpful staff great service 5,,Very kind and helpful staff great service 5.
r0780,321839,2016-05-03,United Kingdom,10.0,positive only,positive,Free parking Good relatively quiet position despite proximity to airport East to find Excellent helpful and friendly staff Great breakfast,,Free parking Good relatively quiet position despite proximity to airport East to find Excellent helpful and friendly staff Great breakfast.
r0781,310736,2016-08-27,Netherlands,10.0,positive only,negative,Design and aura Amazing breakfast with the live guitar music Rene the guitar man was great improvising also with his voice and harmonica,,Design and aura Amazing breakfast with the live guitar music Rene the guitar man was great improvising also with his voice and harmonica.
r0782,459129,2016-03-16,United Kingdom,9.2,positive only,positive,Location is excellent breakfast very good with friendly service,,Location is excellent breakfast very good with friendly service.
r0783,108719,2016-04-05,United Kingdom,10.0,positive only,positive,The greeting as we arrived the offer of chocolate truffle while waiting to check in comfy bed pillows cleanliness nothing not to like fantastic experience,,The greeting as we arrived the offer of chocolate truffle while waiting to check in comfy bed pillows cleanliness nothing not to like fantastic experience.
r0784,63538,2016-04-25,United Kingdom,9.6,positive only,positive,Staff were extremely helpful and professional Hotel was very central and of high standard,,Staff were extremely helpful and professional Hotel was very central and of high standard.
r0785,440931,2016-08-26,Austria,2.5,positive only,negative,Bugs in our room Bad Wifi,,Bugs in our room Bad Wifi.
r0786,134256,2016-03-08,United Kingdom,10.0,positive only,positive,Reception staff were extremely helpful Location was perfect,,Reception staff were extremely helpful Location was perfect.
r0787,152693,2016-10-06,France,7.5,positive only,positive,Location Staff was helpful night staff was not,,Location Staff was helpful night staff was not.
r0788,261808,2016-05-03,United Kingdom,10.0,positive only,negative,Proximity to the West End Comfort Cleanliness Excellent staff and customer service,,Proximity to the West End Comfort Cleanliness Excellent staff and customer service.
r0789,96697,2016-01-31,United Kingdom,8.3,positive only,negative,We have been several times now and its quirky fun comfortable and good location,,We have been several times now and its quirky fun comfortable and good location.
r0790,132104,2016-08-29,France,7.9,positive only,positive,Beds fabulous Blackout curtains gave even better sleep,,Beds fabulous Blackout curtains gave even better sleep.
r0791,340710,2016-01-07,Netherlands,10.0,positive only,positive,Hotel bar and food Comfortable hotel with top quality fixtures and fittings,,Hotel bar and food Comfortable hotel with top quality fixtures and fittings.
r0792,391935,2016-09-23,Netherlands,10.0,positive only,positive,Excellent location and facilities Restaurant was great and sky lounge was fabulous,,Excellent location and facilities Restaurant was great and sky lounge was fabulous.
r0793,392422,2016-10-08,Austria,9.6,positive only,positive,Amazing location and amazingly helpful staff special mention of the staff member at the reception Mr herald if i can recollect the name correctly He was extremely helpful and made our stay very memorable with inputs on routes and places to visit We had a great stay and our little one enjoyed those candies at the reception,,Amazing location and amazingly helpful staff special mention of the staff member at the reception Mr herald if i can recollect the name correctly He was extremely helpful and made our stay very memorable with inputs on routes and places to visit We had a great stay and our little one enjoyed those candies at the reception.
r0794,452305,2016-06-24,United Kingdom,9.6,positive only,negative,The hotel and individual staff members went out of their way to give us a personal and fantastic stay,,The hotel and individual staff members went out of their way to give us a personal and fantastic stay.
r0795,495898,2016-10-04,Italy,10.0,positive only,negative,Superb stay Very comfortable bed Very clean Fantastic value Very helpful staff,,Superb stay Very comfortable bed Very clean Fantastic value Very helpful staff.
r0796,55218,2016-01-19,France,9.6,positive only,negative,Not tremendous quantity of choice but lovely breakfast room and good quality food breads etc Staff were most helpful pleasant and ran off boarding passes for me at the desk Short walk to Louvre and Seine All very nice,,Not tremendous quantity of choice but lovely breakfast room and good quality food breads etc Staff were most helpful pleasant and ran off boarding passes for me at the desk Short walk to Louvre and Seine All very nice.
r0797,312373,2016-09-04,Netherlands,9.6,positive only,positive,Great place to stay Everything s ok,,Great place to stay Everything s ok.
r0798,331158,2016-07-31,Spain,8.8,positive only,negative,Location was fantastic Staff awesome nothing was an issue for them Spa and swimming pool also good,,Location was fantastic Staff awesome nothing was an issue for them Spa and swimming pool also good.
r0799,472426,2016-07-19,Italy,9.2,positive only,negative,Very comfy room helpful staff and great location,,Very comfy room helpful staff and great location.
r0800,440379,2016-03-15,Spain,10.0,positive only,positive,A very helpful staff and a lovely room Barcelona is an amazing city and our visit was made even better by staying at this beautiful property,,A very helpful staff and a lovely room Barcelona is an amazing city and our visit was made even better by staying at this beautiful property.
r0801,148325,2016-05-24,United Kingdom,9.2,positive only,positive,Everything but the price the hotel was exellent,,Everything but the price the hotel was exellent.
r0802,76969,2016-09-06,France,7.9,positive only,positive,The chef was very nice and patient to make our omelet and the staff were very nice they realy helped,,The chef was very nice and patient to make our omelet and the staff were very nice they realy helped.
r0803,283439,2016-07-28,Spain,8.8,positive only,negative,Good hotel near to Rambla Catalunya nearby metro and tour bus stop on Diagonal av lots of nearby places to eat and drink,,Good hotel near to Rambla Catalunya nearby metro and tour bus stop on Diagonal av lots of nearby places to eat and drink.
r0804,492623,2016-01-04,Italy,10.0,positive only,negative,Eveything It s just perfect,,Eveything It s just perfect.
r0805,304754,2016-05-05,Italy,10.0,positive only,positive,Overall a fantastic place Central friendly great place to stay with kids as well as for business,,Overall a fantastic place Central friendly great place to stay with kids as well as for business.
r0806,475946,2016-06-01,Italy,10.0,positive only,positive,i made a mistake with my booking but i asked for the manager Marco and he was very kind and very friendly and fixed my problem without any extra charge the staff also was very helpfull and friendly big and new room breackfast very nice with big varients and waiters was alwayes smiling and helpfull transfer shuttele was great because the hotel a littele far from center parking guys was very funny and gentelman the parking cost 8 euros but it deserve because 24 24 safe internet is free even in the room the price for all this was very very convenient i will be back for sure and thanks for idea hotel,,i made a mistake with my booking but i asked for the manager Marco and he was very kind and very friendly and fixed my problem without any extra charge the staff also was very helpfull and friendly big and new room breackfast very nice with big varients and waiters was alwayes smiling and helpfull transfer shuttele was great because the hotel a littele far from center parking guys was very funny and gentelman the parking cost 8 euros but it deserve because 24 24 safe internet is free even in the room the price for all this was very very convenient i will be back for sure and thanks for idea hotel.
r0807,512607,2016-08-07,United Kingdom,10.0,positive only,negative,The hotel is very clean location is great restaurant is very tasty and thank,,The hotel is very clean location is great restaurant is very tasty and thank.
r0808,163128,2016-01-11,France,9.6,positive only,positive,Their personel were veryyyy poliet and kind every thing ok,,Their personel were veryyyy poliet and kind every thing ok.
r0809,511728,2016-07-30,Austria,8.3,positive only,positive,Comfortable with good breakfast and helpful staff,,Comfortable with good breakfast and helpful staff.
r0810,296532,2016-12-15,United Kingdom,7.5,positive only,positive,Near to Euston train station Clean and comfortable room Would book again,,Near to Euston train station Clean and comfortable room Would book again.
r0811,13616,2016-12-22,United Kingdom,10.0,positive only,positive,Super service from a very reputable company Nothing I would have expected less from,,Super service from a very reputable company Nothing I would have expected less from.
r0812,45598,2016-02-07,United Kingdom,10.0,positive only,negative,Was really impressed with everything Will definitely be back,,Was really impressed with everything Will definitely be back.
r0813,200157,2016-05-01,United Kingdom,10.0,positive only,positive,Everything was spot on will be going back Location was great for going to London City Centre with the underground station being a 2 minute walk away shopping near by in wembley was also great,,Everything was spot on will be going back Location was great for going to London City Centre with the underground station being a 2 minute walk away shopping near by in wembley was also great.
r0814,73140,2016-08-09,France,10.0,positive only,negative,there s a welcome food which is macaroons Which made us feel really welcomed since its the known food from paris And the internet which we can use even outside the hotel so that we have connection throughout our stay in paris by the way it was fast internet and its cheap aswell,,there s a welcome food which is macaroons Which made us feel really welcomed since its the known food from paris And the internet which we can use even outside the hotel so that we have connection throughout our stay in paris by the way it was fast internet and its cheap aswell.
r0815,29399,2016-02-25,United Kingdom,10.0,positive only,negative,Excellent costumer service good location best hotel we made so far in London city and not too costly,,Excellent costumer service good location best hotel we made so far in London city and not too costly.
r0816,49951,2016-03-14,United Kingdom,9.6,positive only,positive,A beautiful room with a very comfortable bed and great shower Hotel is perfectly located beside tube station but with shops restaurants and bars at its doorstep Highly recommend,,A beautiful room with a very comfortable bed and great shower Hotel is perfectly located beside tube station but with shops restaurants and bars at its doorstep Highly recommend.
r0817,474723,2016-10-03,Italy,10.0,positive only,positive,The location It was so close to main shopping area You didn t need to walk far,,The location It was so close to main shopping area You didn t need to walk far.
r0818,154174,2016-08-16,United Kingdom,8.8,positive only,negative,We really appreciated the size of the room thank you for the free up grade The bed was huge and very comfortable too We were at the front of the hotel and had three windows with thick heavy dark curtains great for a good nights sleep We were thankful for the fan as the weather was warm Loved the location so close to Russell Square which we loved Overall a nice hotel and a very pleasant stay,,We really appreciated the size of the room thank you for the free up grade The bed was huge and very comfortable too We were at the front of the hotel and had three windows with thick heavy dark curtains great for a good nights sleep We were thankful for the fan as the weather was warm Loved the location so close to Russell Square which we loved Overall a nice hotel and a very pleasant stay.
r0819,425175,2016-10-01,Spain,10.0,positive only,negative,Roof top pool and bar tip top,,Roof top pool and bar tip top.
r0820,466873,2016-07-05,Austria,10.0,positive only,positive,Plenty of room good breakfast air conditioning pleasant staff good Wifi signal good location,,Plenty of room good breakfast air conditioning pleasant staff good Wifi signal good location.
r0821,443971,2016-02-20,United Kingdom,10.0,positive only,positive,Clean warm and comfortable Very close to the tube and access to all parts of the city I now use on a regular basis,,Clean warm and comfortable Very close to the tube and access to all parts of the city I now use on a regular basis.
r0822,317794,2016-12-22,United Kingdom,9.2,positive only,positive,The hotel was very good and ideally positioned for visit to a concert at Wembley Arena Great breakfast and helpful staff,,The hotel was very good and ideally positioned for visit to a concert at Wembley Arena Great breakfast and helpful staff.
r0823,370084,2016-03-21,Netherlands,10.0,positive only,negative,the location of the hotel Staff were very friendly and helpful and nothing was a problem to them Hotel also very clean,,the location of the hotel Staff were very friendly and helpful and nothing was a problem to them Hotel also very clean.
r0824,415096,2016-01-10,Spain,10.0,positive only,positive,I like the location and the clean and friendly staff,,I like the location and the clean and friendly staff.
r0825,97234,2016-08-24,United Kingdom,10.0,positive only,negative,Ultra modern hotel with quirky decor staff couldn t be more helpful and the rooms made great use of the space,,Ultra modern hotel with quirky decor staff couldn t be more helpful and the rooms made great use of the space.
r0826,221068,2016-12-22,France,10.0,positive only,negative,The Maison FL is a wonderful boutique hotel that ticks every box The rooms are superb The ambience is calm The restaurant serves excellent food This hotel is truly a home away from home The staff are genuinely friendly They even gave me a local phone to use which came in extremely handy I was able to take a lovely walk and navigate with google maps on the hotel phone With this I went all the way to the Trocadero and on to the Champs Elys es I absolutely love this hotel I will certainly be back Thanks,,The Maison FL is a wonderful boutique hotel that ticks every box The rooms are superb The ambience is calm The restaurant serves excellent food This hotel is truly a home away from home The staff are genuinely friendly They even gave me a local phone to use which came in extremely handy I was able to take a lovely walk and navigate with google maps on the hotel phone With this I went all the way to the Trocadero and on to the Champs Elys es I absolutely love this hotel I will certainly be back Thanks.
r0827,449901,2016-12-20,Italy,10.0,positive only,positive,unsurpassed location great staff great design comfortable breakfast hours highly recommended it,,unsurpassed location great staff great design comfortable breakfast hours highly recommended it.
r0828,163706,2016-05-31,United Kingdom,10.0,positive only,positive,Incredibly friendly helpful staff luxurious bed and facilities The shower has 3 separate jets and is so refreshing Massive tv free pots of tea Great hotel,,Incredibly friendly helpful staff luxurious bed and facilities The shower has 3 separate jets and is so refreshing Massive tv free pots of tea Great hotel.
r0829,38375,2016-08-31,United Kingdom,10.0,positive only,positive,Lovely staff very helpful and friendly great location,,Lovely staff very helpful and friendly great location.
r0830,138791,2016-04-09,United Kingdom,9.2,positive only,negative,Excellent location a few minutes to the tube well appointed very friendly staff Perfect start to our English holiday,,Excellent location a few minutes to the tube well appointed very friendly staff Perfect start to our English holiday.
r0831,214391,2016-07-12,United Kingdom,9.6,positive only,positive,Excellent location just round the corner from Paddington rail and tube stations Very friendly helpful staff Clean and comfortable,,Excellent location just round the corner from Paddington rail and tube stations Very friendly helpful staff Clean and comfortable.
r0832,469549,2016-04-10,Spain,9.2,positive only,negative,Good facilities and use of hotel extras,,Good facilities and use of hotel extras.
r0833,441612,2016-09-22,United Kingdom,10.0,positive only,positive,Staff were very friendly and accommodating The room was very nice and spacious and so was the bathroom The location is perfect 2 minutes from high street Kensington tube station and high street I would definitely book here again,,Staff were very friendly and accommodating The room was very nice and spacious and so was the bathroom The location is perfect 2 minutes from high street Kensington tube station and high street I would definitely book here again.
r0834,240050,2016-03-20,France,10.0,positive only,negative,The hotel was conveniently situated near to a metro station was extremely comfortable and had good quality luxury fittings and extras Hermes toiletries bang and Oluufsen tv etc All the decor in hotel was very tasteful and the breakfast room was lovely as was the breakfast Staff were extremely friendly and helpful and happy to speak in English or French when I addressed them in French,,The hotel was conveniently situated near to a metro station was extremely comfortable and had good quality luxury fittings and extras Hermes toiletries bang and Oluufsen tv etc All the decor in hotel was very tasteful and the breakfast room was lovely as was the breakfast Staff were extremely friendly and helpful and happy to speak in English or French when I addressed them in French.
r0835,27456,2016-05-10,United Kingdom,9.6,positive only,positive,The staff were excellent so helpful they were anxious to help with any problems which they did moving us to a bigger room when we requested it,,The staff were excellent so helpful they were anxious to help with any problems which they did moving us to a bigger room when we requested it.
r0836,212633,2016-12-23,United Kingdom,10.0,positive only,negative,Staff are friendly Breakfast is good,,Staff are friendly Breakfast is good.
r0837,310716,2016-09-22,Netherlands,10.0,positive only,positive,Live music at breakfast Beautifully decorated room,,Live music at breakfast Beautifully decorated room.
r0838,99461,2016-07-02,France,10.0,positive only,positive,Love the location friendly staff and the superb WiFi speed Best Paris hotel ever stayed plus it always smells awesome,,Love the location friendly staff and the superb WiFi speed Best Paris hotel ever stayed plus it always smells awesome.
r0839,75756,2016-12-01,United Kingdom,10.0,positive only,positive,Rooms were superb service just fantastic and a fabulous location,,Rooms were superb service just fantastic and a fabulous location.
r0840,102713,2016-08-16,France,9.2,positive only,negative,The room junior duplex was comfortable and clean with working AC much needed during the hot weather Good breakfast selection lovely outdoor eating area Really good location near the Louvre Great service from the concierge with advance tickets purchased for the Pompidou Centre a river cruise,,The room junior duplex was comfortable and clean with working AC much needed during the hot weather Good breakfast selection lovely outdoor eating area Really good location near the Louvre Great service from the concierge with advance tickets purchased for the Pompidou Centre a river cruise.
r0841,483616,2017-06-18,Italy,9.6,positive only,negative,The service was nice room was clean and spacious and I like the bathroom The location is perfect too since it s really close to the metro and Central Station The breakfast was a bit crowded but it was full of different choices and was super tasty,,The service was nice room was clean and spacious and I like the bathroom The location is perfect too since it s really close to the metro and Central Station The breakfast was a bit crowded but it was full of different choices and was super tasty.
r0842,45345,2017-01-21,United Kingdom,9.2,positive only,negative,Very nice staff and nice quiet clean rooms,,Very nice staff and nice quiet clean rooms.
r0843,274456,2017-06-14,Netherlands,8.8,positive only,positive,Staff was very helpful and kind the hotel is 5 minutes walking to the train station the room was very comfortable and clean,,Staff was very helpful and kind the hotel is 5 minutes walking to the train station the room was very comfortable and clean.
r0844,23533,2017-07-09,United Kingdom,10.0,positive only,negative,Friendly stuff great breakfast good location near the underground 5 min walk clean room everything was fine,,Friendly stuff great breakfast good location near the underground 5 min walk clean room everything was fine.
r0845,78386,2017-06-27,United Kingdom,8.3,positive only,positive,I was staying in Standard Single room I like the decor especially that there are lots of windows Really comfortable Bathroom was a lot a lot better designed that Superior Single The shower stall makes a lot more sense,,I was staying in Standard Single room I like the decor especially that there are lots of windows Really comfortable Bathroom was a lot a lot better designed that Superior Single The shower stall makes a lot more sense.
r0846,302547,2017-07-23,Italy,9.2,positive only,negative,The staff were very helpful My broken fridge was replaced quickly,,The staff were very helpful My broken fridge was replaced quickly.
r0847,252467,2017-02-12,United Kingdom,9.6,positive only,negative,Great location and price stylish design easy to book,,Great location and price stylish design easy to book.
r0848,6501,2017-03-14,United Kingdom,10.0,positive only,positive,The Excellent view from our lovely room and the wonderful staff who made our break extra special,,The Excellent view from our lovely room and the wonderful staff who made our break extra special.
r0849,37877,2017-04-13,France,9.6,positive only,negative,Staff were friendly and helpful They recommended a couple of local restaurants and tourist route highlights Nice hotel Great central location close to public transport Would definitely stay here again,,Staff were friendly and helpful They recommended a couple of local restaurants and tourist route highlights Nice hotel Great central location close to public transport Would definitely stay here again.
r0850,322840,2017-01-16,Austria,9.2,positive only,positive,best location easy access to albertina sacher shopping lanes love the room amenities and great consideration to little details including a hand written welcome note a selection of books in each room,,best location easy access to albertina sacher shopping lanes love the room amenities and great consideration to little details including a hand written welcome note a selection of books in each room.
r0851,418152,2017-06-27,United Kingdom,9.6,positive only,negative,Roof top pool and bar are a sight to behold with views of st Pauls,,Roof top pool and bar are a sight to behold with views of st Pauls.
r0852,312120,2017-02-27,Netherlands,10.0,positive only,positive,Cosy clean room was a good size brilliant shower would definitely stay avain,,Cosy clean room was a good size brilliant shower would definitely stay avain.
r0853,13337,2017-06-26,France,9.6,positive only,negative,Bed was extremely comfortable and breakfast was the best,,Bed was extremely comfortable and breakfast was the best.
r0854,153111,2017-03-12,United Kingdom,10.0,positive only,positive,Great location Not far from LCY via DLR Perfect for shopping and dining Close to EXCEL Exhibition Center,,Great location Not far from LCY via DLR Perfect for shopping and dining Close to EXCEL Exhibition Center.
r0855,473298,2017-06-07,Italy,10.0,positive only,positive,It was very clean And the people very Nice,,It was very clean And the people very Nice.
r0856,274492,2017-05-07,Netherlands,10.0,positive only,negative,The room was lovely and clean the shower room was great The restaurant and food was great and staff were lovely and helpful,,The room was lovely and clean the shower room was great The restaurant and food was great and staff were lovely and helpful.
r0857,414480,2017-02-27,Spain,10.0,positive only,positive,everything are perfect best location best breakfast and best service All the employee are very helpful and nice and thoughtful I stayed 6 nights and the hoted upgrade my room to the best view of Plaza Catalunya and aslo send us a welcome cava Realy enjoy stay in this hotel next time to Bacelona definately will choose Olivia Highly recommed,,everything are perfect best location best breakfast and best service All the employee are very helpful and nice and thoughtful I stayed 6 nights and the hoted upgrade my room to the best view of Plaza Catalunya and aslo send us a welcome cava Realy enjoy stay in this hotel next time to Bacelona definately will choose Olivia Highly recommed.
r0858,6644,2017-01-09,United Kingdom,10.0,positive only,positive,The welcome on reception from Courtney was outstanding very friendly and professional He is an asset to the company,,The welcome on reception from Courtney was outstanding very friendly and professional He is an asset to the company.
r0859,329408,2017-01-07,Spain,8.8,positive only,negative,Great facility in a very nice position,,Great facility in a very nice position.
r0860,79134,2017-03-24,United Kingdom,10.0,positive only,negative,rooms were late so we got 2 drinks free whilst waiting and the staff were so friendly helpful and all about us and keeping us comfortable and happy Superb really was great,,rooms were late so we got 2 drinks free whilst waiting and the staff were so friendly helpful and all about us and keeping us comfortable and happy Superb really was great.
r0861,366424,2017-03-06,Austria,10.0,positive only,negative,Very great comfortable stay Within 5 minutes walk from Rathaus station Well Designed room settings including useful amenities Staffs are all friendly and helpful We feel very thankful for letting us early check in and late check out which makes our journey more comfortable A hotel with warm mind Highly recommended,,Very great comfortable stay Within 5 minutes walk from Rathaus station Well Designed room settings including useful amenities Staffs are all friendly and helpful We feel very thankful for letting us early check in and late check out which makes our journey more comfortable A hotel with warm mind Highly recommended.
r0862,363474,2017-07-01,United Kingdom,10.0,positive only,negative,Staff were all so friendly and helpful Good location at the side of Hyde Park just off the tube station The hotel is spotless throughout Breakfast is fab,,Staff were all so friendly and helpful Good location at the side of Hyde Park just off the tube station The hotel is spotless throughout Breakfast is fab.
r0863,493136,2017-08-01,Italy,9.6,positive only,positive,Friendly staff at reception that were very accommodating and knowledgeable We received a free room upgrade to the business class room excellent rooms The tram and train station are almost put the door and connect you to Milan central with ease,,Friendly staff at reception that were very accommodating and knowledgeable We received a free room upgrade to the business class room excellent rooms The tram and train station are almost put the door and connect you to Milan central with ease.
r0864,255175,2017-01-02,France,10.0,positive only,negative,Best facilities rooms and great service We will miss our days spend there Magnifique,,Best facilities rooms and great service We will miss our days spend there Magnifique.
r0865,192224,2017-01-13,United Kingdom,9.2,positive only,negative,Swimming pool excellent at weekend Quiet and the children have access all weekend,,Swimming pool excellent at weekend Quiet and the children have access all weekend.
r0866,98883,2017-07-20,United Kingdom,10.0,positive only,negative,The staff was very helpful and warm They made sure everything was perfect for our stay The location is very close to the tube stop,,The staff was very helpful and warm They made sure everything was perfect for our stay The location is very close to the tube stop.
r0867,393511,2017-01-17,Netherlands,9.6,positive only,positive,Staff very friendly and cooperative location cleanliness,,Staff very friendly and cooperative location cleanliness.
r0868,342327,2017-04-15,Austria,9.6,positive only,positive,Good breakfast met a very nice filipina waitress Josie in the breakfast room,,Good breakfast met a very nice filipina waitress Josie in the breakfast room.
r0869,411359,2017-04-14,Spain,8.8,positive only,negative,Overall great stay Would stay again and definitely recommend,,Overall great stay Would stay again and definitely recommend.
r0870,333702,2017-06-07,United Kingdom,9.2,positive only,positive,The staff were friendly chatty and helpful,,The staff were friendly chatty and helpful.
r0871,282622,2017-04-09,Spain,9.2,positive only,negative,Bedrooms comfortable and spacious The staff were friendly and helpful Lovely rooftop area,,Bedrooms comfortable and spacious The staff were friendly and helpful Lovely rooftop area.
r0872,505909,2017-06-24,United Kingdom,10.0,positive only,negative,Everything was first class and very clean,,Everything was first class and very clean.
r0873,233756,2017-06-05,United Kingdom,10.0,positive only,negative,Nice and quiet location Staff very friendly Room very spacious and clean Lovely bathroom with seperate shower and bath High quality toiletries Nice touch the duck toy for kids and complementary sweeties Really nice big bed,,Nice and quiet location Staff very friendly Room very spacious and clean Lovely bathroom with seperate shower and bath High quality toiletries Nice touch the duck toy for kids and complementary sweeties Really nice big bed.
r0874,183121,2017-05-03,United Kingdom,9.6,positive only,positive,The hotel was amazing This was our second time and we had a brilliant stay The room was spectacular as was the service We had a complimentary extra bed for our daughter which was a really nice gesture Staff were very efficient and polite Breakfast was lovely we had a great location This is our favourite hotel in London to date Would comeback very soon,,The hotel was amazing This was our second time and we had a brilliant stay The room was spectacular as was the service We had a complimentary extra bed for our daughter which was a really nice gesture Staff were very efficient and polite Breakfast was lovely we had a great location This is our favourite hotel in London to date Would comeback very soon.
r0875,51796,2017-04-05,United Kingdom,10.0,positive only,negative,I eat light and there were light options,,I eat light and there were light options.
r0876,484748,2017-06-13,Italy,9.6,positive only,negative,Closeness to train station Really helpful staff Large room,,Closeness to train station Really helpful staff Large room.
r0877,344071,2017-02-13,Austria,10.0,positive only,negative,Clean quiet comfortable bed very nice staff,,Clean quiet comfortable bed very nice staff.
r0878,450264,2017-06-16,Netherlands,9.6,positive only,negative,Beautiful small hotel I am not sure if the canal view was worth the extra pay but the room was very nice The breakfast a bit expensive but well worth The staff was fantastic,,Beautiful small hotel I am not sure if the canal view was worth the extra pay but the room was very nice The breakfast a bit expensive but well worth The staff was fantastic.
r0879,106591,2017-04-29,France,10.0,positive only,negative,excellent location staff very helpful highly recommended,,excellent location staff very helpful highly recommended.
r0880,505991,2017-05-29,United Kingdom,10.0,positive only,negative,Everything was to our liking Wish we could afford it more often,,Everything was to our liking Wish we could afford it more often.
r0881,467602,2017-08-02,United Kingdom,9.6,positive only,negative,Very comfortable bed good quality toiletries Helpful staff,,Very comfortable bed good quality toiletries Helpful staff.
r0882,494982,2017-07-23,Italy,9.6,positive only,negative,Tram station right in front of the hotel directly to the Doumo There is a very nice restaurant just one street down at the corner,,Tram station right in front of the hotel directly to the Doumo There is a very nice restaurant just one street down at the corner.
r0883,82507,2017-06-19,France,10.0,positive only,positive,Great location and staff were fantastic,,Great location and staff were fantastic.
r0884,393955,2017-03-22,Spain,8.3,positive only,negative,Great location for exploring Barcelona and its surroundings Good breakfast friendly staff and excellent service Everything that you are looking for when you travel for a weekend,,Great location for exploring Barcelona and its surroundings Good breakfast friendly staff and excellent service Everything that you are looking for when you travel for a weekend.
r0885,278063,2017-06-06,Spain,10.0,positive only,negative,The hotel staff and the hotel Alejandro made our staying amazing It was my birthday and Alejandro contacted my girlfriend before hand to make sure i have a amazing birthday They were very welcoming and helped us with every query The rooms were nice and it was all at reasonable price The bathroom has a jet bath which was amazing The roof top has a pool and bar which is enjoyable,,The hotel staff and the hotel Alejandro made our staying amazing It was my birthday and Alejandro contacted my girlfriend before hand to make sure i have a amazing birthday They were very welcoming and helped us with every query The rooms were nice and it was all at reasonable price The bathroom has a jet bath which was amazing The roof top has a pool and bar which is enjoyable.
r0886,243338,2017-02-27,United Kingdom,9.6,positive only,positive,We did not expect to have a room which you then go upstairs to the bed We loved it 2 TVs one up and one down Drinks that were left for us were lovely,,We did not expect to have a room which you then go upstairs to the bed We loved it 2 TVs one up and one down Drinks that were left for us were lovely.
r0887,32432,2017-03-28,United Kingdom,8.8,positive only,positive,Bed was comfy and hotel overall very clean and fresh,,Bed was comfy and hotel overall very clean and fresh.
r0888,483202,2017-05-12,Italy,10.0,positive only,positive,Wonderful bedding with extra pillows bathrobes slippers if needed Marble floors marble bathroom bar Immaculately decorated Balcony for fresh air to view the city Breakfast with lovely assortment and staff to prepare coffee of your choice Mario Danielle were helpful in every instance Bellman parked retrieved our rental car,,Wonderful bedding with extra pillows bathrobes slippers if needed Marble floors marble bathroom bar Immaculately decorated Balcony for fresh air to view the city Breakfast with lovely assortment and staff to prepare coffee of your choice Mario Danielle were helpful in every instance Bellman parked retrieved our rental car.
r0889,403832,2017-04-26,Austria,10.0,positive only,negative,Excellent location with impeccable service from the amazing staff,,Excellent location with impeccable service from the amazing staff.
r0890,300771,2017-01-23,United Kingdom,8.8,positive only,negative,We had a lovely stay in the Grange City Hotel And we hope to returne again soon,,We had a lovely stay in the Grange City Hotel And we hope to returne again soon.
r0891,229266,2017-07-01,France,10.0,positive only,positive,Fabulous hotel The breakfast was amazing Perfect location in Paris Amazing staff friendly and cheerful Everything was perfect,,Fabulous hotel The breakfast was amazing Perfect location in Paris Amazing staff friendly and cheerful Everything was perfect.
r0892,209857,2017-07-03,United Kingdom,10.0,positive only,positive,Very close to underground ABD overground transport Bright cheery reception and bar Room compact but very clean very comfortable bed and great shower Towels werewolf and toiletries very nice Continent breakfast was good Great price Thoroughly recommend stay,,Very close to underground ABD overground transport Bright cheery reception and bar Room compact but very clean very comfortable bed and great shower Towels werewolf and toiletries very nice Continent breakfast was good Great price Thoroughly recommend stay.
r0893,20862,2017-02-07,United Kingdom,10.0,positive only,negative,Good location Good staff cosy room,,Good location Good staff cosy room.
r0894,66703,2017-02-13,United Kingdom,7.9,positive only,negative,I loved everything,,I loved everything.
r0895,197977,2017-05-14,United Kingdom,10.0,positive only,negative,Able to check in online and the room was ready when we arrived at 10am We were greeted with towels on the bed in the shape of swans and rose petals and a dessert with Happy Birthday written in chocolate and a birthday card personalised to me Lovely surprise,,Able to check in online and the room was ready when we arrived at 10am We were greeted with towels on the bed in the shape of swans and rose petals and a dessert with Happy Birthday written in chocolate and a birthday card personalised to me Lovely surprise.
r0896,140339,2017-01-17,United Kingdom,10.0,positive only,negative,Fabulous Breakfast and warm choc cookies on arrival are ingenious,,Fabulous Breakfast and warm choc cookies on arrival are ingenious.
r0897,410881,2017-06-04,Netherlands,9.2,positive only,negative,Convenient to Port p shuttle from Centraal Station,,Convenient to Port p shuttle from Centraal Station.
r0898,223901,2017-07-12,United Kingdom,10.0,positive only,positive,The staff were so friendly love the water dispenser on all floors location perfect will most defiantly stay here again,,The staff were so friendly love the water dispenser on all floors location perfect will most defiantly stay here again.
r0899,186167,2015-12-01,United Kingdom,4.6,negative only,negative,,We booked what was called a Superior double room We had a tiny double bedded room in basement really only suitable for single occupancy The space between the end of the bed and the wall was a matter of inches and you had to bend over the bed to avoid hitting the TV Also we elected to include breakfast at a cost of 18 each assuming it was a good cooked breakfast at that price In fact it was only a rather poor Continental breakfast cooked breakfast was 24 each At booking you did not specify type of breakfast Definitely thought this a rip off,We booked what was called a Superior double room We had a tiny double bedded room in basement really only suitable for single occupancy The space between the end of the bed and the wall was a matter of inches and you had to bend over the bed to avoid hitting the TV Also we elected to include breakfast at a cost of 18 each assuming it was a good cooked breakfast at that price In fact it was only a rather poor Continental breakfast cooked breakfast was 24 each At booking you did not specify type of breakfast Definitely thought this a rip off.
r0900,279470,2015-08-18,Spain,7.1,negative only,negative,,The rooms were a little bit small,The rooms were a little bit small.
r0901,365963,2015-10-01,Austria,7.9,negative only,negative,,When we checked in the shorter lady in the front desk is not kind and not professinal as well When we checked out another beutiful lady is very nice and helpful,When we checked in the shorter lady in the front desk is not kind and not professinal as well When we checked out another beutiful lady is very nice and helpful.
r0902,481958,2015-09-15,Italy,7.1,negative only,positive,,It s not good enough for 5 stars,It s not good enough for 5 stars.
r0903,17845,2015-11-22,France,9.6,negative only,positive,,Coffee in the morning could be better That is probably the only thing that was not completely up to the level,Coffee in the morning could be better That is probably the only thing that was not completely up to the level.
r0904,168753,2015-09-20,France,3.3,negative only,positive,,The worst hotel I have stayed in the carpets were thread bare the curtains did not meet making sleep difficult there was no room service there were no coffee making facilities the corridors were partially blocked with laundry carts there were bare electric wires hanging in the corridors Had the payment not been taken from my bank before my stay I would not have paid on the grounds that it was just not worth the amount I may seek legal advice over this matter 4 stars definitely not,The worst hotel I have stayed in the carpets were thread bare the curtains did not meet making sleep difficult there was no room service there were no coffee making facilities the corridors were partially blocked with laundry carts there were bare electric wires hanging in the corridors Had the payment not been taken from my bank before my stay I would not have paid on the grounds that it was just not worth the amount I may seek legal advice over this matter 4 stars definitely not.
r0905,110847,2015-12-24,United Kingdom,9.6,negative only,negative,,A little expensive but it was Christmas,A little expensive but it was Christmas.
r0906,88243,2015-08-25,United Kingdom,9.2,negative only,negative,,Hotel was fine Booking com were dreadful,Hotel was fine Booking com were dreadful.
r0907,421538,2015-09-29,Netherlands,7.9,negative only,negative,,Lobby is noisy Only one clerk at the desk serving as a concierge and receptionist at the same time,Lobby is noisy Only one clerk at the desk serving as a concierge and receptionist at the same time.
r0908,461137,2015-08-16,Netherlands,6.3,negative only,positive,,The reception staff i delt with was really rude But all the other staff were really friendly,The reception staff i delt with was really rude But all the other staff were really friendly.
r0909,70482,2015-10-08,United Kingdom,2.5,negative only,positive,,Dirty rooms only the position of the hotel is good till now I didn t receive my deposit from the hotel,Dirty rooms only the position of the hotel is good till now I didn t receive my deposit from the hotel.
r0910,8290,2015-10-13,France,4.6,negative only,negative,,Not enough staff Bad location to go to the centre of the city,Not enough staff Bad location to go to the centre of the city.
r0911,460227,2015-12-15,Netherlands,4.2,negative only,positive,,On leaving we removed and folded the bed sheets as usual to assist the room staff only to notice a Very large dark red Blood stain which while obviously dried was non the less neither hygenic nor welcome However this did seem to go along with the standard for the room dirt under the bed and in the bathroom Add in the fact that the only room service offered over the weekend was on Sunday evening this is the third time we have stayed here and certainly not or best experience Dining and drinking facilities reduced by 25 by turning those same facilities booked and payed for over to a Private function without any advance notice and leaving little in the way of choice for food on the night when needed,On leaving we removed and folded the bed sheets as usual to assist the room staff only to notice a Very large dark red Blood stain which while obviously dried was non the less neither hygenic nor welcome However this did seem to go along with the standard for the room dirt under the bed and in the bathroom Add in the fact that the only room service offered over the weekend was on Sunday evening this is the third time we have stayed here and certainly not or best experience Dining and drinking facilities reduced by 25 by turning those same facilities booked and payed for over to a Private function without any advance notice and leaving little in the way of choice for food on the night when needed.
r0912,389380,2015-08-07,Spain,5.5,negative only,positive,,Room was ok but the maid knock to clean the room at wrong times So the second day she didn t bring us fresh towels so we used it for 2 days damp,Room was ok but the maid knock to clean the room at wrong times So the second day she didn t bring us fresh towels so we used it for 2 days damp.
r0913,363305,2015-10-06,United Kingdom,8.3,negative only,negative,,Having to wait so the hotel could sort out the NFL players After all we are paying customers,Having to wait so the hotel could sort out the NFL players After all we are paying customers.
r0914,384024,2015-08-06,Netherlands,10.0,negative only,positive,,Glas for to bathroom was very hard to open and close should be checket,Glas for to bathroom was very hard to open and close should be checket.
r0915,124397,2015-10-12,United Kingdom,6.7,negative only,positive,,The location is far from stations because i have a child and luggages and the room is small,The location is far from stations because i have a child and luggages and the room is small.
r0916,53272,2015-08-21,United Kingdom,7.9,negative only,positive,,poor wifi quality need to login every 30 minutes and the price doesn t include the breakfast,poor wifi quality need to login every 30 minutes and the price doesn t include the breakfast.
r0917,435848,2016-11-29,Austria,2.5,negative only,positive,,The hotel deceived me by crediting my account with the bill i payed months in advance then recharging me on my arrival thereby increasing the sterling cost of my stay considerably I will not be using booking com again if they do not resolve the issue,The hotel deceived me by crediting my account with the bill i payed months in advance then recharging me on my arrival thereby increasing the sterling cost of my stay considerably I will not be using booking com again if they do not resolve the issue.
r0918,469486,2016-11-09,Spain,7.1,negative only,negative,,Quite noisy could hear people in rooms next door and in the corridor also traffic noise,Quite noisy could hear people in rooms next door and in the corridor also traffic noise.
r0919,267855,2016-05-15,Netherlands,5.0,negative only,positive,,The 2 duvet system is so bad You need to have a double duvet cover,The 2 duvet system is so bad You need to have a double duvet cover.
r0920,376037,2016-11-05,United Kingdom,4.6,negative only,positive,,The room was old smelt of damp and had several damp patches Very tired tatty decor If we hadn t been there for a friends party in the hotel we would have left We travelled 200miles to the hotel and were looking forward to a bit of luxury not a damp fusty room,The room was old smelt of damp and had several damp patches Very tired tatty decor If we hadn t been there for a friends party in the hotel we would have left We travelled 200miles to the hotel and were looking forward to a bit of luxury not a damp fusty room.
r0921,169433,2016-11-07,United Kingdom,5.4,negative only,negative,,decor rooms bathrooms lighting cleanliness access,decor rooms bathrooms lighting cleanliness access.
r0922,74835,2016-08-23,United Kingdom,5.8,negative only,negative,,My room was very dusty in the bathroom and sink had product in it The bed linen smelled of urine even though supposedly clean was too exhausted to complain and slept on top of the bed When next door flushed their toilet the odour completely crept in to the bathroom disgusting,My room was very dusty in the bathroom and sink had product in it The bed linen smelled of urine even though supposedly clean was too exhausted to complain and slept on top of the bed When next door flushed their toilet the odour completely crept in to the bathroom disgusting.
r0923,70087,2016-10-17,United Kingdom,5.8,negative only,positive,,The card key doesn t work properly although I keep it away from anything might destroy it,The card key doesn t work properly although I keep it away from anything might destroy it.
r0924,209729,2016-10-10,France,5.0,negative only,negative,,Staff were rude and when you asked them a question they looked at you as if your were stupid I was a tourist so I have to ask these questions,Staff were rude and when you asked them a question they looked at you as if your were stupid I was a tourist so I have to ask these questions.
r0925,255229,2016-05-17,France,7.1,negative only,positive,,offer to put drinks food in fridge on request since it was an aparthotel would be fantastic addtiional asset,offer to put drinks food in fridge on request since it was an aparthotel would be fantastic addtiional asset.
r0926,279721,2016-05-13,Spain,4.2,negative only,negative,,I know It was my choice at the beginning to reserve a no cancel no change room I did not want a refund I just asked for a change of the dates of stay It was like talking to a wall No empathy,I know It was my choice at the beginning to reserve a no cancel no change room I did not want a refund I just asked for a change of the dates of stay It was like talking to a wall No empathy.
r0927,484891,2016-01-29,Italy,6.7,negative only,negative,,The water was not free Breakfast was poor Room was very small,The water was not free Breakfast was poor Room was very small.
r0928,441470,2016-11-29,United Kingdom,6.3,negative only,positive,,Could have had kingsize duvet extreme wait for breakfast know busy time for all but have stayed at other hotels and never encountered such a wait Pathetic maybe staff should clear tables quicker and staff more on the ball ie more coffee etc you had to ask them will not use again,Could have had kingsize duvet extreme wait for breakfast know busy time for all but have stayed at other hotels and never encountered such a wait Pathetic maybe staff should clear tables quicker and staff more on the ball ie more coffee etc you had to ask them will not use again.
r0929,307214,2016-10-05,Netherlands,2.9,negative only,negative,,This hotel doesnt worth anybody money I put a do not distube sign on the door and when came back to the room i found out that the key is not working anymore I then found out that they want 300 Yuro as fine for smoking in the room even when i didnt smoke in the room didnt help even when spoke to the manager and said that 300 yuro is much monye for me she simple didnt care and useless to say thay this ruened my vacation,This hotel doesnt worth anybody money I put a do not distube sign on the door and when came back to the room i found out that the key is not working anymore I then found out that they want 300 Yuro as fine for smoking in the room even when i didnt smoke in the room didnt help even when spoke to the manager and said that 300 yuro is much monye for me she simple didnt care and useless to say thay this ruened my vacation.
r0930,371898,2016-01-12,Austria,8.8,negative only,positive,,Very poor sound isolation A lot of noise in the room when the windows are to the road,Very poor sound isolation A lot of noise in the room when the windows are to the road.
r0931,384150,2016-04-24,Netherlands,9.6,negative only,positive,,The breakfast was served not a buffet and took ages to come The decor was a little bizarre We thought dark brown was not a good colour for sanitary ware,The breakfast was served not a buffet and took ages to come The decor was a little bizarre We thought dark brown was not a good colour for sanitary ware.
r0932,169869,2016-07-21,United Kingdom,4.6,negative only,positive,,Rooms are very very small not suitable for big family photos on booking com don t tell the right size We had rooms in the basement ground floor and first floor I took my luggage myself to rooms no service on this,Rooms are very very small not suitable for big family photos on booking com don t tell the right size We had rooms in the basement ground floor and first floor I took my luggage myself to rooms no service on this.
r0933,452432,2016-05-31,United Kingdom,5.0,negative only,negative,,It was notice and very loud music all night I could not sleep at all When I asked the staff for another room I was not there is none available really not a good experience However the location is good,It was notice and very loud music all night I could not sleep at all When I asked the staff for another room I was not there is none available really not a good experience However the location is good.
r0934,416731,2016-06-29,Spain,6.3,negative only,negative,,Unhelpful and uncaring front desk staff Couldn t or wouldn t answer simple questions,Unhelpful and uncaring front desk staff Couldn t or wouldn t answer simple questions.
r0935,10869,2016-02-12,United Kingdom,10.0,negative only,negative,,The room was a little small,The room was a little small.
r0936,302666,2016-09-23,Italy,5.8,negative only,negative,,The room way too small no view the fridge didn t work drain in the shower didn t allow water to get away properly,The room way too small no view the fridge didn t work drain in the shower didn t allow water to get away properly.
r0937,395978,2016-09-26,United Kingdom,3.3,negative only,positive,,Bad house keeping the standard room is very tiny when we check in they gave us avery bad room and the ceiling was dropping water we ask them to change the room but they refuse claiming that the hotel is fully booked We had to wait until they fixed it because my booking was no refundable very bad hotel,Bad house keeping the standard room is very tiny when we check in they gave us avery bad room and the ceiling was dropping water we ask them to change the room but they refuse claiming that the hotel is fully booked We had to wait until they fixed it because my booking was no refundable very bad hotel.
r0938,458778,2016-10-03,United Kingdom,7.5,negative only,positive,,The Fire Alarm going off at 7am Followed by Housekeeping ringing the bell at 9am to service the room,The Fire Alarm going off at 7am Followed by Housekeeping ringing the bell at 9am to service the room.
r0939,155043,2016-12-27,United Kingdom,2.5,negative only,negative,,I wanted to pay cash for my room As i had lost my credit card the day before I wasn t allowed to do so because a deposit had to be taken via a credit card I offered double the room rate as a deposit in cash but the reception staff refused even though i had called the hotel prior to my arrival to explain my situation and assured i would be able to pay cash on arrival Add this to the fact the staff were extremely rude and that we had travelled from swansea and this was xmas day needless to say we weren t impressed,I wanted to pay cash for my room As i had lost my credit card the day before I wasn t allowed to do so because a deposit had to be taken via a credit card I offered double the room rate as a deposit in cash but the reception staff refused even though i had called the hotel prior to my arrival to explain my situation and assured i would be able to pay cash on arrival Add this to the fact the staff were extremely rude and that we had travelled from swansea and this was xmas day needless to say we weren t impressed.
r0940,345475,2016-08-30,United Kingdom,9.6,negative only,positive,,Breakfast wasn t included in price,Breakfast wasn t included in price.
r0941,45459,2016-07-30,United Kingdom,6.3,negative only,negative,,Decor facilities variable staff attitude Would rather a hotel that worked than one that offered free drinks for things that didn t,Decor facilities variable staff attitude Would rather a hotel that worked than one that offered free drinks for things that didn t.
r0942,490923,2016-07-12,Italy,7.5,negative only,negative,,1 Card to entry in the fitness was invalid asked to change 2 Asked and agreed for late checkout but the card used to enter in my room was disabled 2hours before the checkout asked to revalidate 3 I choose pillow but not ready at my arrival I got it in the 2 day Briefly 1 plus 2 plus 3 waste of time and disagreeable,1 Card to entry in the fitness was invalid asked to change 2 Asked and agreed for late checkout but the card used to enter in my room was disabled 2hours before the checkout asked to revalidate 3 I choose pillow but not ready at my arrival I got it in the 2 day Briefly 1 plus 2 plus 3 waste of time and disagreeable.
r0943,265501,2016-03-01,United Kingdom,5.8,negative only,negative,,The service charge for two bottles of lemonade from the bar when all the bar man did was walk to the fridge take the bottles out open them and then hand them to me I was not sat at a table there was no service provided he was just doing his job I don t pay him to do his job the hotel does Had he served me at a table I would have given him a 20 tip as I do at every table with good service The bar man was NOT rude he was quite nice and polite so it s nothing against him the fact that it was just added to my bill with no notice is why I was annoyed Two bottles of lemonade for 9 Is extortionate even by London standards,The service charge for two bottles of lemonade from the bar when all the bar man did was walk to the fridge take the bottles out open them and then hand them to me I was not sat at a table there was no service provided he was just doing his job I don t pay him to do his job the hotel does Had he served me at a table I would have given him a 20 tip as I do at every table with good service The bar man was NOT rude he was quite nice and polite so it s nothing against him the fact that it was just added to my bill with no notice is why I was annoyed Two bottles of lemonade for 9 Is extortionate even by London standards.
r0944,337078,2016-08-14,United Kingdom,7.5,negative only,positive,,Renovation works were so noisy The workers noise and what they did starts before 8 a m daily The last 4 days they put electrical generator working the whole day It was very annoying,Renovation works were so noisy The workers noise and what they did starts before 8 a m daily The last 4 days they put electrical generator working the whole day It was very annoying.
r0945,275205,2016-01-05,Austria,6.3,negative only,negative,,Cold in the bathroom and strong noise from air conditioning,Cold in the bathroom and strong noise from air conditioning.
r0946,152136,2016-10-30,France,5.0,negative only,positive,,while waiting for rooms to be ready all the stored luggage was stored in the lobby,while waiting for rooms to be ready all the stored luggage was stored in the lobby.
r0947,248136,2016-06-09,United Kingdom,8.3,negative only,negative,,No room service breakfast very disappointed,No room service breakfast very disappointed.
r0948,454613,2016-04-05,United Kingdom,7.1,negative only,positive,,Booked this hotel as website said it had a carpark When got there hotel staff told us there was no carpark and had to park in NCP 10 minutes walk away,Booked this hotel as website said it had a carpark When got there hotel staff told us there was no carpark and had to park in NCP 10 minutes walk away.
r0949,343019,2016-04-19,Austria,5.8,negative only,positive,,The carpet of the room was extremely dirty They advertise views to the garden and the garden in my room was some wild grass very far from a garden,The carpet of the room was extremely dirty They advertise views to the garden and the garden in my room was some wild grass very far from a garden.
r0950,439678,2016-12-12,Spain,5.8,negative only,negative,,Bad smell in and from the bathroom,Bad smell in and from the bathroom.
r0951,143588,2016-04-05,United Kingdom,6.7,negative only,positive,,Staff wasn t very polite at times,Staff wasn t very polite at times.
r0952,367938,2016-08-16,Spain,7.9,negative only,positive,,Some Small rooms no late night room service no bellboy to help with bags,Some Small rooms no late night room service no bellboy to help with bags.
r0953,377613,2016-12-08,Austria,9.6,negative only,negative,,Internet is slow Other than that the hotel is a great place to stay when you are in Vienna,Internet is slow Other than that the hotel is a great place to stay when you are in Vienna.
r0954,8973,2016-08-09,United Kingdom,2.5,negative only,negative,,I couldn t actually like anything as my partner checked in and was told we had been moved to a sister hotel down the road The entrance was more like a budget hostel the room was so tiny the bed was against the wall so we had to climb over each other to get out After a sleepless night we selected the table in the basement breakfast room with the least damp coming through the wall Absolutely disgusted at our treatment,I couldn t actually like anything as my partner checked in and was told we had been moved to a sister hotel down the road The entrance was more like a budget hostel the room was so tiny the bed was against the wall so we had to climb over each other to get out After a sleepless night we selected the table in the basement breakfast room with the least damp coming through the wall Absolutely disgusted at our treatment.
r0955,32589,2016-02-13,United Kingdom,6.3,negative only,negative,,There were no slippers and night gowns and there was banging most of the night on the wall from the cleaners which was annoying,There were no slippers and night gowns and there was banging most of the night on the wall from the cleaners which was annoying.
r0956,51694,2016-02-16,United Kingdom,4.6,negative only,negative,,The rooms was so so small double room was too small for us and noise everyday morning but j don t know from where I will never stay in this hotel again becouse I paid 268 pound for nights which did not worth 100 pound It was a very big disappoint for me and for my neice,The rooms was so so small double room was too small for us and noise everyday morning but j don t know from where I will never stay in this hotel again becouse I paid 268 pound for nights which did not worth 100 pound It was a very big disappoint for me and for my neice.
r0957,344672,2016-05-31,United Kingdom,5.8,negative only,negative,,Shower wasnt hot Small room felt very cramped for 2 people and bathroom door didnt shut properly or lock Air conditioning wasnt working stayed cooler leaving the window open,Shower wasnt hot Small room felt very cramped for 2 people and bathroom door didnt shut properly or lock Air conditioning wasnt working stayed cooler leaving the window open.
r0958,366383,2016-01-11,Austria,8.8,negative only,negative,,high price and breakfast was not included,high price and breakfast was not included.
r0959,469490,2016-10-28,Spain,5.0,negative only,positive,,No warm blanket in the room only a bedsheet To get a blanket one must go to see a receptionist and he hands out blankets,No warm blanket in the room only a bedsheet To get a blanket one must go to see a receptionist and he hands out blankets.
r0960,513151,2016-10-18,United Kingdom,4.6,negative only,negative,,Room small bathroom very small no shaving light at the mirror staff dour and to cap it all charged a refundable charge of 50 per night on my credit card which takes up to 10 days for refund,Room small bathroom very small no shaving light at the mirror staff dour and to cap it all charged a refundable charge of 50 per night on my credit card which takes up to 10 days for refund.
r0961,280455,2016-10-04,Spain,5.8,negative only,positive,,Upon booking time I highlighted the fact that I was coming to celebrate my girlfriend s birthday however nobody ever did anything at all not even a small card left in the room Then upon check out time I was not even asked if I enjoyed my stay Very frustrated,Upon booking time I highlighted the fact that I was coming to celebrate my girlfriend s birthday however nobody ever did anything at all not even a small card left in the room Then upon check out time I was not even asked if I enjoyed my stay Very frustrated.
r0962,398347,2016-09-22,Spain,7.1,negative only,negative,,Air con could have worked better,Air con could have worked better.
r0963,325974,2016-04-21,Italy,7.5,negative only,negative,,Quite expensive Lift not working Key was not a card it was an old fashioned key that you leave in the concierge Room was not ready until 14 30h,Quite expensive Lift not working Key was not a card it was an old fashioned key that you leave in the concierge Room was not ready until 14 30h.
r0964,265860,2016-02-07,United Kingdom,6.3,negative only,negative,,The room was too small Not cleaned during my stay Very noisy air conditioner and the room was too hot for comfort,The room was too small Not cleaned during my stay Very noisy air conditioner and the room was too hot for comfort.
r0965,308195,2016-04-02,Netherlands,7.5,negative only,negative,,The room was too small and the furniture is old,The room was too small and the furniture is old.
r0966,76423,2017-06-14,France,5.4,negative only,positive,,Eiffel Tower view picture in advertising is false Paid extra for the Eiffel Tower view as in the advertising but that doesn t exist Very disappointing and the ONLY reason I booked this hotel,Eiffel Tower view picture in advertising is false Paid extra for the Eiffel Tower view as in the advertising but that doesn t exist Very disappointing and the ONLY reason I booked this hotel.
r0967,94863,2017-05-26,United Kingdom,4.6,negative only,negative,,Rooms noise no view for so much money,Rooms noise no view for so much money.
r0968,489436,2017-06-13,Italy,2.9,negative only,negative,,Long long long way to the town No pretty views around very old abandoned broken houses not visible in the pictures I do not recommend,Long long long way to the town No pretty views around very old abandoned broken houses not visible in the pictures I do not recommend.
r0969,306245,2017-07-09,Netherlands,8.3,negative only,negative,,hotel is so spread out youcan end up having to carry your luggage a fair way,hotel is so spread out youcan end up having to carry your luggage a fair way.
r0970,6375,2017-05-21,United Kingdom,9.5,negative only,positive,,Breakfast plenty of items but things like tinned mushrooms,Breakfast plenty of items but things like tinned mushrooms.
r0971,503888,2017-04-24,United Kingdom,6.7,negative only,negative,,Rooms were far too small including the bathroom No atmosphere in the hotel Terrace bar was not in use,Rooms were far too small including the bathroom No atmosphere in the hotel Terrace bar was not in use.
r0972,53623,2017-06-07,United Kingdom,6.7,negative only,negative,,The room was cold and a lot of the staff had difficulty in understanding english,The room was cold and a lot of the staff had difficulty in understanding english.
r0973,393903,2017-04-05,Netherlands,10.0,negative only,negative,,BAr staff was slow in The Butcher,BAr staff was slow in The Butcher.
r0974,506039,2017-05-15,United Kingdom,9.2,negative only,positive,,small and noisy spa no wood on the sauna floor noisy corridor,small and noisy spa no wood on the sauna floor noisy corridor.
r0975,268590,2017-04-30,Austria,5.0,negative only,negative,,Only one bath robe was in the room And only one milk sachet for out morning coffee Couldnt raise the point with the staff because we had to leave early,Only one bath robe was in the room And only one milk sachet for out morning coffee Couldnt raise the point with the staff because we had to leave early.
r0976,236412,2017-02-14,United Kingdom,5.4,negative only,negative,,The rooms and the staff wasn t very good for the price we expected a lot more from this hotel but it was just like a premier inn you can get for 50 Wouldn t stay again,The rooms and the staff wasn t very good for the price we expected a lot more from this hotel but it was just like a premier inn you can get for 50 Wouldn t stay again.
r0977,357709,2017-08-02,United Kingdom,6.0,negative only,negative,,Furnishings very sparse No drawers in Executive room Wardrobe 18inches wide,Furnishings very sparse No drawers in Executive room Wardrobe 18inches wide.
r0978,178377,2017-02-08,France,8.8,negative only,positive,,The room was very small and there was noise from the underground trains,The room was very small and there was noise from the underground trains.
r0979,293942,2017-07-05,Spain,8.8,negative only,positive,,Shower was hard to figure out and was never able to get hot water to come out of the shower head,Shower was hard to figure out and was never able to get hot water to come out of the shower head.
r0980,90318,2017-07-31,France,9.6,negative only,negative,,We were sent to a family restaurant in the 1st floor to have breakfast one day just because we had 2 childs with us and the quality of the food was not as good as the one in the hotel restaurant that we had had the day before and plus no coffee machine nesspresso was available This just happened 1 day the other 3 breakfast was excellent,We were sent to a family restaurant in the 1st floor to have breakfast one day just because we had 2 childs with us and the quality of the food was not as good as the one in the hotel restaurant that we had had the day before and plus no coffee machine nesspresso was available This just happened 1 day the other 3 breakfast was excellent.
r0981,154866,2017-04-30,France,5.8,negative only,positive,,Breakfast lot of construction in the area,Breakfast lot of construction in the area.
r0982,231068,2017-05-16,United Kingdom,8.3,negative only,positive,,Room was on the small side,Room was on the small side.
r0983,213176,2017-03-10,United Kingdom,5.0,negative only,negative,,I arrived to the hotel and was told that it was full that I had to go across the street to a sister hotel No lift or help to bring the luggage to the room,I arrived to the hotel and was told that it was full that I had to go across the street to a sister hotel No lift or help to bring the luggage to the room.
r0984,117530,2017-06-05,United Kingdom,5.0,negative only,negative,,Had motion detectors in room so when you were gone turned off the AC We complained about but Hotel Engineer told sorry that is the way it is The breakfast food was cold angain told that s the way it is Lost stay for such a pricey hotel We even paid extra 15 per day for an executive room Hate to see what we would have gotten if not paying extra at the desk,Had motion detectors in room so when you were gone turned off the AC We complained about but Hotel Engineer told sorry that is the way it is The breakfast food was cold angain told that s the way it is Lost stay for such a pricey hotel We even paid extra 15 per day for an executive room Hate to see what we would have gotten if not paying extra at the desk.
r0985,151432,2017-05-14,France,6.3,negative only,negative,,wifi did not work on the day I was there,wifi did not work on the day I was there.
r0986,381390,2017-06-30,Spain,4.6,negative only,positive,,No early notification of taxi strike They would say one thing and do another the taxi was 30 euros The hotel car was 88 Euros I will never recommend your hotel Very disappointing,No early notification of taxi strike They would say one thing and do another the taxi was 30 euros The hotel car was 88 Euros I will never recommend your hotel Very disappointing.
r0987,156631,2017-01-09,United Kingdom,8.3,negative only,negative,,Breakfast ended before 11am so you need to get there in plenty of time,Breakfast ended before 11am so you need to get there in plenty of time.
r0988,296505,2017-01-22,United Kingdom,7.5,negative only,positive,,Breakfast very busy and no bowls coffee pods very low,Breakfast very busy and no bowls coffee pods very low.
r0989,431998,2017-01-02,Spain,9.2,negative only,negative,,You didn t provide me with a dressing gown or slippers I was a little bit upset,You didn t provide me with a dressing gown or slippers I was a little bit upset.
r0990,514209,2017-04-14,United Kingdom,9.6,negative only,negative,,Small room with extra large bed no much room to manoeuvre but OK for one night,Small room with extra large bed no much room to manoeuvre but OK for one night.
r0991,45746,2017-03-26,United Kingdom,5.0,negative only,positive,,very old fashioned hotel Unlike Radisson incredible tasteless bar and restaurant Personel borderline friendly Old school hotel that hasn t understood consumers have changed,very old fashioned hotel Unlike Radisson incredible tasteless bar and restaurant Personel borderline friendly Old school hotel that hasn t understood consumers have changed.
r0992,246499,2017-07-04,France,3.8,negative only,positive,,Toilet flush didn t work we had to use the shower to flush air condition was as noizy as an average Boeing so impossible to use at night only 1 towel in a 2 person room,Toilet flush didn t work we had to use the shower to flush air condition was as noizy as an average Boeing so impossible to use at night only 1 towel in a 2 person room.
r0993,180505,2017-05-12,France,5.8,negative only,positive,,No space for parking The nearest parking was 1 km and very expensive,No space for parking The nearest parking was 1 km and very expensive.
r0994,263160,2017-04-23,United Kingdom,5.8,negative only,positive,,Room very basic and small Bathroom needs some attention repair work Beds not comfortable,Room very basic and small Bathroom needs some attention repair work Beds not comfortable.
r0995,104988,2017-07-25,France,6.7,negative only,positive,,rooms and service very poor biggest problem is staff which not keen to hear you wifi was not working breakfast limited,rooms and service very poor biggest problem is staff which not keen to hear you wifi was not working breakfast limited.
r0996,486980,2017-06-09,Italy,4.2,negative only,negative,,Staff were not helpfull all Worse experience,Staff were not helpfull all Worse experience.
r0997,382790,2017-06-19,Spain,2.9,negative only,positive,,Air conditioning was not working the desk manager initially offered to refund later retracted Pool hours open at 9am typically,Air conditioning was not working the desk manager initially offered to refund later retracted Pool hours open at 9am typically.
